

Microchip MPLAB XC8 Assembler V3.10 build 20250813170317 
                                                                                               Fri May  1 20:09:52 2026

Microchip MPLAB XC8 C Compiler v3.10 (Free license) build 20250813170317 Og1 
     1                           	processor	18F47K42
     2                           	fnconf	rparam,??,?,0
     3                           	pagewidth 120
     4                           	opt	flic
     5                           	psect	smallconst,global,reloc=2,class=SMALLCONST,space=0,delta=1,noexec
     6                           	psect	cinit,global,reloc=2,class=CODE,space=0,delta=1
     7                           	psect	bssCOMRAM,global,class=COMRAM,space=1,delta=1,lowdata,noexec
     8                           	psect	bssBANK0,global,class=BANK0,space=1,delta=1,lowdata,noexec
     9                           	psect	cstackBANK0,global,class=BANK0,space=1,delta=1,lowdata,noexec
    10                           	psect	cstackCOMRAM,global,class=COMRAM,space=1,delta=1,lowdata,noexec
    11                           	psect	text0,global,reloc=2,class=CODE,space=0,delta=1
    12                           	psect	text1,global,reloc=2,class=CODE,space=0,delta=1,group=3
    13                           	psect	text2,global,reloc=2,class=CODE,space=0,delta=1,group=3
    14                           	psect	text3,global,reloc=2,class=CODE,space=0,delta=1
    15                           	psect	text4,global,reloc=2,class=CODE,space=0,delta=1
    16                           	psect	text5,global,reloc=2,class=CODE,space=0,delta=1
    17                           	psect	text6,global,reloc=2,class=CODE,space=0,delta=1
    18                           	psect	text7,global,reloc=2,class=CODE,space=0,delta=1
    19                           	psect	text8,global,reloc=2,class=CODE,space=0,delta=1
    20                           	psect	text9,global,reloc=2,class=CODE,space=0,delta=1,group=3
    21                           	psect	text10,global,reloc=2,class=CODE,space=0,delta=1,group=1
    22                           	psect	text11,global,reloc=2,class=CODE,space=0,delta=1,group=1
    23                           	psect	text12,global,reloc=2,class=CODE,space=0,delta=1,group=1
    24                           	psect	text13,global,reloc=2,class=CODE,space=0,delta=1,group=2
    25                           	psect	text14,global,reloc=2,class=CODE,space=0,delta=1,group=2
    26                           	psect	text15,global,reloc=2,class=CODE,space=0,delta=1,group=1
    27                           	psect	text16,global,reloc=2,class=CODE,space=0,delta=1,group=1
    28                           	psect	text17,global,reloc=2,class=CODE,space=0,delta=1,group=1
    29                           	psect	text18,global,reloc=2,class=CODE,space=0,delta=1,group=3
    30                           	psect	text19,global,reloc=2,class=CODE,space=0,delta=1,group=3
    31                           	psect	text20,global,reloc=2,class=CODE,space=0,delta=1,group=3
    32                           	psect	text21,global,reloc=2,class=CODE,space=0,delta=1,group=3
    33                           	psect	text22,global,reloc=2,class=CODE,space=0,delta=1,group=2
    34                           	psect	text23,global,reloc=2,class=CODE,space=0,delta=1,group=2
    35                           	psect	text24,global,reloc=2,class=CODE,space=0,delta=1
    36                           	psect	text25,global,reloc=2,class=CODE,space=0,delta=1
    37                           	psect	text26,global,reloc=2,class=CODE,space=0,delta=1
    38                           	psect	text27,global,reloc=2,class=CODE,space=0,delta=1
    39                           	psect	text28,global,reloc=2,class=CODE,space=0,delta=1
    40                           	psect	text29,global,reloc=2,class=CODE,space=0,delta=1
    41                           	psect	text30,global,reloc=2,class=CODE,space=0,delta=1
    42                           	psect	text31,global,reloc=2,class=CODE,space=0,delta=1
    43                           	psect	text32,global,reloc=2,class=CODE,space=0,delta=1,group=2
    44                           	psect	text33,global,reloc=2,class=CODE,space=0,delta=1,group=2
    45                           	psect	text34,global,reloc=4,class=CODE,space=0,delta=1
    46                           	psect	ivt0x4008,global,reloc=2,class=CODE,space=0,delta=1,noexec,keep,optim=
    47                           	psect	intsave_regs,global,class=BIGRAM,space=1,delta=1,noexec
    48                           	psect	rparam,global,class=COMRAM,space=1,delta=1,noexec
    49                           	psect	config,global,abs,ovrld,class=CONFIG,space=4,delta=1,noexec
    50   000000                     
    51                           ; Generated 24/03/2025 GMT
    52                           ; 
    53                           ; Copyright © 2025, Microchip Technology Inc. and its subsidiaries ("Microchip")
    54                           ; All rights reserved.
    55                           ; 
    56                           ; This software is developed by Microchip Technology Inc. and its subsidiaries ("Microch
      +                          ip").
    57                           ; 
    58                           ; Redistribution and use in source and binary forms, with or without modification, are
    59                           ; permitted provided that the following conditions are met:
    60                           ; 
    61                           ;     1. Redistributions of source code must retain the above copyright notice, this lis
      +                          t of
    62                           ;        conditions and the following disclaimer.
    63                           ; 
    64                           ;     2. Redistributions in binary form must reproduce the above copyright notice, this 
      +                          list
    65                           ;        of conditions and the following disclaimer in the documentation and/or other
    66                           ;        materials provided with the distribution. Publication is not required when
    67                           ;        this file is used in an embedded application.
    68                           ; 
    69                           ;     3. Microchip's name may not be used to endorse or promote products derived from th
      +                          is
    70                           ;        software without specific prior written permission.
    71                           ; 
    72                           ; THIS SOFTWARE IS PROVIDED BY MICROCHIP "AS IS" AND ANY EXPRESS OR IMPLIED WARRANTIES,
    73                           ; INCLUDING, BUT NOT LIMITED TO, THE IMPLIED WARRANTIES OF MERCHANTABILITY AND FITNESS F
      +                          OR
    74                           ; PURPOSE ARE DISCLAIMED.  IN NO EVENT SHALL MICROCHIP BE LIABLE FOR ANY DIRECT, INDIREC
      +                          T,
    75                           ; INCIDENTAL, SPECIAL, EXEMPLARY, OR CONSEQUENTIAL DAMAGES (INCLUDING BUT NOT LIMITED TO
    76                           ; PROCUREMENT OF SUBSTITUTE GOODS OR SERVICES; LOSS OF USE, DATA OR PROFITS; OR BUSINESS
    77                           ; INTERRUPTION) HOWSOEVER CAUSED AND ON ANY THEORY OF LIABILITY, WHETHER IN CONTRACT, ST
      +                          RICT
    78                           ; LIABILITY, OR TORT (INCLUDING NEGLIGENCE OR OTHERWISE) ARISING IN ANY WAY OUT OF THE U
      +                          SE OF
    79                           ; THIS SOFTWARE, EVEN IF ADVISED OF THE POSSIBILITY OF SUCH DAMAGE.
    80                           ; 
    81                           ; 
    82                           ; Code-generator required, PIC18F47K42 Definitions
    83                           ; 
    84                           ; SFR Addresses
    85   003FE0                     bsr             equ	16352
    86   003FE9                     fsr0            equ	16361
    87   003FEA                     fsr0h           equ	16362
    88   003FE9                     fsr0l           equ	16361
    89   003FE1                     fsr1            equ	16353
    90   003FE2                     fsr1h           equ	16354
    91   003FE1                     fsr1l           equ	16353
    92   003FD9                     fsr2            equ	16345
    93   003FDA                     fsr2h           equ	16346
    94   003FD9                     fsr2l           equ	16345
    95   003FEF                     indf0           equ	16367
    96   003FE7                     indf1           equ	16359
    97   003FDF                     indf2           equ	16351
    98   003FD2                     intcon          equ	16338
    99   0039E5                     nvmcon          equ	14821
   100   003FF9                     pcl             equ	16377
   101   003FFA                     pclath          equ	16378
   102   003FFB                     pclatu          equ	16379
   103   003FEB                     plusw0          equ	16363
   104   003FE3                     plusw1          equ	16355
   105   003FDB                     plusw2          equ	16347
   106   003FED                     postdec0        equ	16365
   107   003FE5                     postdec1        equ	16357
   108   003FDD                     postdec2        equ	16349
   109   003FEE                     postinc0        equ	16366
   110   003FE6                     postinc1        equ	16358
   111   003FDE                     postinc2        equ	16350
   112   003FEC                     preinc0         equ	16364
   113   003FE4                     preinc1         equ	16356
   114   003FDC                     preinc2         equ	16348
   115   003FF3                     prod            equ	16371
   116   003FF4                     prodh           equ	16372
   117   003FF3                     prodl           equ	16371
   118   003FD8                     status          equ	16344
   119   003FF5                     tablat          equ	16373
   120   003FF6                     tblptr          equ	16374
   121   003FF7                     tblptrh         equ	16375
   122   003FF6                     tblptrl         equ	16374
   123   003FF8                     tblptru         equ	16376
   124   003FFD                     tosl            equ	16381
   125   003FE8                     wreg            equ	16360
   126   003880                     STATUS_CSHAD    equ	14464	;# 
   127   003881                     WREG_CSHAD      equ	14465	;# 
   128   003882                     BSR_CSHAD       equ	14466	;# 
   129   003883                     SHADCON         equ	14467	;# 
   130   003884                     STATUS_SHAD     equ	14468	;# 
   131   003885                     WREG_SHAD       equ	14469	;# 
   132   003886                     BSR_SHAD        equ	14470	;# 
   133   003887                     PCLATH_SHAD     equ	14471	;# 
   134   003888                     PCLATU_SHAD     equ	14472	;# 
   135   003889                     FSR0SH          equ	14473	;# 
   136   003889                     FSR0L_SHAD      equ	14473	;# 
   137   00388A                     FSR0H_SHAD      equ	14474	;# 
   138   00388B                     FSR1SH          equ	14475	;# 
   139   00388B                     FSR1L_SHAD      equ	14475	;# 
   140   00388C                     FSR1H_SHAD      equ	14476	;# 
   141   00388D                     FSR2SH          equ	14477	;# 
   142   00388D                     FSR2L_SHAD      equ	14477	;# 
   143   00388E                     FSR2H_SHAD      equ	14478	;# 
   144   00388F                     PRODSH          equ	14479	;# 
   145   00388F                     PRODL_SHAD      equ	14479	;# 
   146   003890                     PRODH_SHAD      equ	14480	;# 
   147   00389D                     IVTADL          equ	14493	;# 
   148   00389E                     IVTADH          equ	14494	;# 
   149   00389F                     IVTADU          equ	14495	;# 
   150   00395B                     WDTCON0         equ	14683	;# 
   151   00395C                     WDTCON1         equ	14684	;# 
   152   00395D                     WDTPSL          equ	14685	;# 
   153   00395E                     WDTPSH          equ	14686	;# 
   154   00395F                     WDTTMR          equ	14687	;# 
   155   003960                     CRCDATA         equ	14688	;# 
   156   003960                     CRCDATL         equ	14688	;# 
   157   003961                     CRCDATH         equ	14689	;# 
   158   003962                     CRCACC          equ	14690	;# 
   159   003962                     CRCACCL         equ	14690	;# 
   160   003963                     CRCACCH         equ	14691	;# 
   161   003964                     CRCSHFT         equ	14692	;# 
   162   003964                     CRCSHIFTL       equ	14692	;# 
   163   003965                     CRCSHIFTH       equ	14693	;# 
   164   003966                     CRCXOR          equ	14694	;# 
   165   003966                     CRCXORL         equ	14694	;# 
   166   003967                     CRCXORH         equ	14695	;# 
   167   003968                     CRCCON0         equ	14696	;# 
   168   003969                     CRCCON1         equ	14697	;# 
   169   003976                     SCANLADR        equ	14710	;# 
   170   003976                     SCANLADRL       equ	14710	;# 
   171   003977                     SCANLADRH       equ	14711	;# 
   172   003978                     SCANLADRU       equ	14712	;# 
   173   003979                     SCANHADR        equ	14713	;# 
   174   003979                     SCANHADRL       equ	14713	;# 
   175   00397A                     SCANHADRH       equ	14714	;# 
   176   00397B                     SCANHADRU       equ	14715	;# 
   177   00397C                     SCANCON0        equ	14716	;# 
   178   00397D                     SCANTRIG        equ	14717	;# 
   179   003980                     IPR0            equ	14720	;# 
   180   003981                     IPR1            equ	14721	;# 
   181   003982                     IPR2            equ	14722	;# 
   182   003983                     IPR3            equ	14723	;# 
   183   003984                     IPR4            equ	14724	;# 
   184   003985                     IPR5            equ	14725	;# 
   185   003986                     IPR6            equ	14726	;# 
   186   003987                     IPR7            equ	14727	;# 
   187   003988                     IPR8            equ	14728	;# 
   188   003989                     IPR9            equ	14729	;# 
   189   00398A                     IPR10           equ	14730	;# 
   190   003990                     PIE0            equ	14736	;# 
   191   003991                     PIE1            equ	14737	;# 
   192   003992                     PIE2            equ	14738	;# 
   193   003993                     PIE3            equ	14739	;# 
   194   003994                     PIE4            equ	14740	;# 
   195   003995                     PIE5            equ	14741	;# 
   196   003996                     PIE6            equ	14742	;# 
   197   003997                     PIE7            equ	14743	;# 
   198   003998                     PIE8            equ	14744	;# 
   199   003999                     PIE9            equ	14745	;# 
   200   00399A                     PIE10           equ	14746	;# 
   201   0039A0                     PIR0            equ	14752	;# 
   202   0039A1                     PIR1            equ	14753	;# 
   203   0039A2                     PIR2            equ	14754	;# 
   204   0039A3                     PIR3            equ	14755	;# 
   205   0039A4                     PIR4            equ	14756	;# 
   206   0039A5                     PIR5            equ	14757	;# 
   207   0039A6                     PIR6            equ	14758	;# 
   208   0039A7                     PIR7            equ	14759	;# 
   209   0039A8                     PIR8            equ	14760	;# 
   210   0039A9                     PIR9            equ	14761	;# 
   211   0039AA                     PIR10           equ	14762	;# 
   212   0039C0                     PMD0            equ	14784	;# 
   213   0039C1                     PMD1            equ	14785	;# 
   214   0039C2                     PMD2            equ	14786	;# 
   215   0039C3                     PMD3            equ	14787	;# 
   216   0039C4                     PMD4            equ	14788	;# 
   217   0039C5                     PMD5            equ	14789	;# 
   218   0039C6                     PMD6            equ	14790	;# 
   219   0039C7                     PMD7            equ	14791	;# 
   220   0039D0                     BORCON          equ	14800	;# 
   221   0039D1                     VREGCON         equ	14801	;# 
   222   0039D8                     CPUDOZE         equ	14808	;# 
   223   0039D9                     OSCCON1         equ	14809	;# 
   224   0039DA                     OSCCON2         equ	14810	;# 
   225   0039DB                     OSCCON3         equ	14811	;# 
   226   0039DC                     OSCSTAT         equ	14812	;# 
   227   0039DC                     OSCSTAT1        equ	14812	;# 
   228   0039DD                     OSCEN           equ	14813	;# 
   229   0039DE                     OSCTUNE         equ	14814	;# 
   230   0039DF                     OSCFRQ          equ	14815	;# 
   231   0039E0                     NVMADRL         equ	14816	;# 
   232   0039E1                     NVMADRH         equ	14817	;# 
   233   0039E3                     NVMDAT          equ	14819	;# 
   234   0039E5                     NVMCON1         equ	14821	;# 
   235   0039E6                     NVMCON2         equ	14822	;# 
   236   0039EF                     PRLOCK          equ	14831	;# 
   237   0039F1                     ISRPR           equ	14833	;# 
   238   0039F2                     MAINPR          equ	14834	;# 
   239   0039F3                     DMA1PR          equ	14835	;# 
   240   0039F4                     DMA2PR          equ	14836	;# 
   241   0039F7                     SCANPR          equ	14839	;# 
   242   003A00                     RA0PPS          equ	14848	;# 
   243   003A01                     RA1PPS          equ	14849	;# 
   244   003A02                     RA2PPS          equ	14850	;# 
   245   003A03                     RA3PPS          equ	14851	;# 
   246   003A04                     RA4PPS          equ	14852	;# 
   247   003A05                     RA5PPS          equ	14853	;# 
   248   003A06                     RA6PPS          equ	14854	;# 
   249   003A07                     RA7PPS          equ	14855	;# 
   250   003A08                     RB0PPS          equ	14856	;# 
   251   003A09                     RB1PPS          equ	14857	;# 
   252   003A0A                     RB2PPS          equ	14858	;# 
   253   003A0B                     RB3PPS          equ	14859	;# 
   254   003A0C                     RB4PPS          equ	14860	;# 
   255   003A0D                     RB5PPS          equ	14861	;# 
   256   003A0E                     RB6PPS          equ	14862	;# 
   257   003A0F                     RB7PPS          equ	14863	;# 
   258   003A10                     RC0PPS          equ	14864	;# 
   259   003A11                     RC1PPS          equ	14865	;# 
   260   003A12                     RC2PPS          equ	14866	;# 
   261   003A13                     RC3PPS          equ	14867	;# 
   262   003A14                     RC4PPS          equ	14868	;# 
   263   003A15                     RC5PPS          equ	14869	;# 
   264   003A16                     RC6PPS          equ	14870	;# 
   265   003A17                     RC7PPS          equ	14871	;# 
   266   003A18                     RD0PPS          equ	14872	;# 
   267   003A19                     RD1PPS          equ	14873	;# 
   268   003A1A                     RD2PPS          equ	14874	;# 
   269   003A1B                     RD3PPS          equ	14875	;# 
   270   003A1C                     RD4PPS          equ	14876	;# 
   271   003A1D                     RD5PPS          equ	14877	;# 
   272   003A1E                     RD6PPS          equ	14878	;# 
   273   003A1F                     RD7PPS          equ	14879	;# 
   274   003A20                     RE0PPS          equ	14880	;# 
   275   003A21                     RE1PPS          equ	14881	;# 
   276   003A22                     RE2PPS          equ	14882	;# 
   277   003A40                     ANSELA          equ	14912	;# 
   278   003A41                     WPUA            equ	14913	;# 
   279   003A42                     ODCONA          equ	14914	;# 
   280   003A43                     SLRCONA         equ	14915	;# 
   281   003A44                     INLVLA          equ	14916	;# 
   282   003A45                     IOCAP           equ	14917	;# 
   283   003A46                     IOCAN           equ	14918	;# 
   284   003A47                     IOCAF           equ	14919	;# 
   285   003A50                     ANSELB          equ	14928	;# 
   286   003A51                     WPUB            equ	14929	;# 
   287   003A52                     ODCONB          equ	14930	;# 
   288   003A53                     SLRCONB         equ	14931	;# 
   289   003A54                     INLVLB          equ	14932	;# 
   290   003A55                     IOCBP           equ	14933	;# 
   291   003A56                     IOCBN           equ	14934	;# 
   292   003A57                     IOCBF           equ	14935	;# 
   293   003A5A                     RB1I2C          equ	14938	;# 
   294   003A5B                     RB2I2C          equ	14939	;# 
   295   003A60                     ANSELC          equ	14944	;# 
   296   003A61                     WPUC            equ	14945	;# 
   297   003A62                     ODCONC          equ	14946	;# 
   298   003A63                     SLRCONC         equ	14947	;# 
   299   003A64                     INLVLC          equ	14948	;# 
   300   003A65                     IOCCP           equ	14949	;# 
   301   003A66                     IOCCN           equ	14950	;# 
   302   003A67                     IOCCF           equ	14951	;# 
   303   003A6A                     RC3I2C          equ	14954	;# 
   304   003A6B                     RC4I2C          equ	14955	;# 
   305   003A70                     ANSELD          equ	14960	;# 
   306   003A71                     WPUD            equ	14961	;# 
   307   003A72                     ODCOND          equ	14962	;# 
   308   003A73                     SLRCOND         equ	14963	;# 
   309   003A74                     INLVLD          equ	14964	;# 
   310   003A7A                     RD0I2C          equ	14970	;# 
   311   003A7B                     RD1I2C          equ	14971	;# 
   312   003A80                     ANSELE          equ	14976	;# 
   313   003A81                     WPUE            equ	14977	;# 
   314   003A82                     ODCONE          equ	14978	;# 
   315   003A83                     SLRCONE         equ	14979	;# 
   316   003A84                     INLVLE          equ	14980	;# 
   317   003A85                     IOCEP           equ	14981	;# 
   318   003A86                     IOCEN           equ	14982	;# 
   319   003A87                     IOCEF           equ	14983	;# 
   320   003ABF                     PPSLOCK         equ	15039	;# 
   321   003AC0                     INT0PPS         equ	15040	;# 
   322   003AC1                     INT1PPS         equ	15041	;# 
   323   003AC2                     INT2PPS         equ	15042	;# 
   324   003AC3                     T0CKIPPS        equ	15043	;# 
   325   003AC4                     T1CKIPPS        equ	15044	;# 
   326   003AC5                     T1GPPS          equ	15045	;# 
   327   003AC6                     T3CKIPPS        equ	15046	;# 
   328   003AC7                     T3GPPS          equ	15047	;# 
   329   003AC8                     T5CKIPPS        equ	15048	;# 
   330   003AC9                     T5GPPS          equ	15049	;# 
   331   003ACA                     T2INPPS         equ	15050	;# 
   332   003ACB                     T4INPPS         equ	15051	;# 
   333   003ACC                     T6INPPS         equ	15052	;# 
   334   003ACD                     CCP1PPS         equ	15053	;# 
   335   003ACE                     CCP2PPS         equ	15054	;# 
   336   003ACF                     CCP3PPS         equ	15055	;# 
   337   003AD0                     CCP4PPS         equ	15056	;# 
   338   003AD1                     SMT1WINPPS      equ	15057	;# 
   339   003AD2                     SMT1SIGPPS      equ	15058	;# 
   340   003AD3                     CWG1INPPS       equ	15059	;# 
   341   003AD4                     CWG2INPPS       equ	15060	;# 
   342   003AD5                     CWG3INPPS       equ	15061	;# 
   343   003AD6                     MD1CARLPPS      equ	15062	;# 
   344   003AD7                     MD1CARHPPS      equ	15063	;# 
   345   003AD8                     MD1SRCPPS       equ	15064	;# 
   346   003AD9                     CLCIN0PPS       equ	15065	;# 
   347   003ADA                     CLCIN1PPS       equ	15066	;# 
   348   003ADB                     CLCIN2PPS       equ	15067	;# 
   349   003ADC                     CLCIN3PPS       equ	15068	;# 
   350   003ADD                     ADACTPPS        equ	15069	;# 
   351   003ADE                     SPI1SCKPPS      equ	15070	;# 
   352   003ADF                     SPI1SDIPPS      equ	15071	;# 
   353   003AE0                     SPI1SSPPS       equ	15072	;# 
   354   003AE1                     I2C1SCLPPS      equ	15073	;# 
   355   003AE2                     I2C1SDAPPS      equ	15074	;# 
   356   003AE3                     I2C2SCLPPS      equ	15075	;# 
   357   003AE4                     I2C2SDAPPS      equ	15076	;# 
   358   003AE5                     U1RXPPS         equ	15077	;# 
   359   003AE6                     U1CTSPPS        equ	15078	;# 
   360   003AE8                     U2RXPPS         equ	15080	;# 
   361   003AE9                     U2CTSPPS        equ	15081	;# 
   362   003BC9                     DMA2BUF         equ	15305	;# 
   363   003BCA                     DMA2DCNT        equ	15306	;# 
   364   003BCA                     DMA2DCNTL       equ	15306	;# 
   365   003BCB                     DMA2DCNTH       equ	15307	;# 
   366   003BCC                     DMA2DPTR        equ	15308	;# 
   367   003BCC                     DMA2DPTRL       equ	15308	;# 
   368   003BCD                     DMA2DPTRH       equ	15309	;# 
   369   003BCE                     DMA2DSZ         equ	15310	;# 
   370   003BCE                     DMA2DSZL        equ	15310	;# 
   371   003BCF                     DMA2DSZH        equ	15311	;# 
   372   003BD0                     DMA2DSA         equ	15312	;# 
   373   003BD0                     DMA2DSAL        equ	15312	;# 
   374   003BD1                     DMA2DSAH        equ	15313	;# 
   375   003BD2                     DMA2SCNT        equ	15314	;# 
   376   003BD2                     DMA2SCNTL       equ	15314	;# 
   377   003BD3                     DMA2SCNTH       equ	15315	;# 
   378   003BD4                     DMA2SPTR        equ	15316	;# 
   379   003BD4                     DMA2SPTRL       equ	15316	;# 
   380   003BD5                     DMA2SPTRH       equ	15317	;# 
   381   003BD6                     DMA2SPTRU       equ	15318	;# 
   382   003BD7                     DMA2SSZ         equ	15319	;# 
   383   003BD7                     DMA2SSZL        equ	15319	;# 
   384   003BD8                     DMA2SSZH        equ	15320	;# 
   385   003BD9                     DMA2SSA         equ	15321	;# 
   386   003BD9                     DMA2SSAL        equ	15321	;# 
   387   003BDA                     DMA2SSAH        equ	15322	;# 
   388   003BDB                     DMA2SSAU        equ	15323	;# 
   389   003BDC                     DMA2CON0        equ	15324	;# 
   390   003BDD                     DMA2CON1        equ	15325	;# 
   391   003BDE                     DMA2AIRQ        equ	15326	;# 
   392   003BDF                     DMA2SIRQ        equ	15327	;# 
   393   003BE9                     DMA1BUF         equ	15337	;# 
   394   003BEA                     DMA1DCNT        equ	15338	;# 
   395   003BEA                     DMA1DCNTL       equ	15338	;# 
   396   003BEB                     DMA1DCNTH       equ	15339	;# 
   397   003BEC                     DMA1DPTR        equ	15340	;# 
   398   003BEC                     DMA1DPTRL       equ	15340	;# 
   399   003BED                     DMA1DPTRH       equ	15341	;# 
   400   003BEE                     DMA1DSZ         equ	15342	;# 
   401   003BEE                     DMA1DSZL        equ	15342	;# 
   402   003BEF                     DMA1DSZH        equ	15343	;# 
   403   003BF0                     DMA1DSA         equ	15344	;# 
   404   003BF0                     DMA1DSAL        equ	15344	;# 
   405   003BF1                     DMA1DSAH        equ	15345	;# 
   406   003BF2                     DMA1SCNT        equ	15346	;# 
   407   003BF2                     DMA1SCNTL       equ	15346	;# 
   408   003BF3                     DMA1SCNTH       equ	15347	;# 
   409   003BF4                     DMA1SPTR        equ	15348	;# 
   410   003BF4                     DMA1SPTRL       equ	15348	;# 
   411   003BF5                     DMA1SPTRH       equ	15349	;# 
   412   003BF6                     DMA1SPTRU       equ	15350	;# 
   413   003BF7                     DMA1SSZ         equ	15351	;# 
   414   003BF7                     DMA1SSZL        equ	15351	;# 
   415   003BF8                     DMA1SSZH        equ	15352	;# 
   416   003BF9                     DMA1SSA         equ	15353	;# 
   417   003BF9                     DMA1SSAL        equ	15353	;# 
   418   003BFA                     DMA1SSAH        equ	15354	;# 
   419   003BFB                     DMA1SSAU        equ	15355	;# 
   420   003BFC                     DMA1CON0        equ	15356	;# 
   421   003BFD                     DMA1CON1        equ	15357	;# 
   422   003BFE                     DMA1AIRQ        equ	15358	;# 
   423   003BFF                     DMA1SIRQ        equ	15359	;# 
   424   003C56                     CLC4CON         equ	15446	;# 
   425   003C57                     CLC4POL         equ	15447	;# 
   426   003C58                     CLC4SEL0        equ	15448	;# 
   427   003C59                     CLC4SEL1        equ	15449	;# 
   428   003C5A                     CLC4SEL2        equ	15450	;# 
   429   003C5B                     CLC4SEL3        equ	15451	;# 
   430   003C5C                     CLC4GLS0        equ	15452	;# 
   431   003C5D                     CLC4GLS1        equ	15453	;# 
   432   003C5E                     CLC4GLS2        equ	15454	;# 
   433   003C5F                     CLC4GLS3        equ	15455	;# 
   434   003C60                     CLC3CON         equ	15456	;# 
   435   003C61                     CLC3POL         equ	15457	;# 
   436   003C62                     CLC3SEL0        equ	15458	;# 
   437   003C63                     CLC3SEL1        equ	15459	;# 
   438   003C64                     CLC3SEL2        equ	15460	;# 
   439   003C65                     CLC3SEL3        equ	15461	;# 
   440   003C66                     CLC3GLS0        equ	15462	;# 
   441   003C67                     CLC3GLS1        equ	15463	;# 
   442   003C68                     CLC3GLS2        equ	15464	;# 
   443   003C69                     CLC3GLS3        equ	15465	;# 
   444   003C6A                     CLC2CON         equ	15466	;# 
   445   003C6B                     CLC2POL         equ	15467	;# 
   446   003C6C                     CLC2SEL0        equ	15468	;# 
   447   003C6D                     CLC2SEL1        equ	15469	;# 
   448   003C6E                     CLC2SEL2        equ	15470	;# 
   449   003C6F                     CLC2SEL3        equ	15471	;# 
   450   003C70                     CLC2GLS0        equ	15472	;# 
   451   003C71                     CLC2GLS1        equ	15473	;# 
   452   003C72                     CLC2GLS2        equ	15474	;# 
   453   003C73                     CLC2GLS3        equ	15475	;# 
   454   003C74                     CLC1CON         equ	15476	;# 
   455   003C75                     CLC1POL         equ	15477	;# 
   456   003C76                     CLC1SEL0        equ	15478	;# 
   457   003C77                     CLC1SEL1        equ	15479	;# 
   458   003C78                     CLC1SEL2        equ	15480	;# 
   459   003C79                     CLC1SEL3        equ	15481	;# 
   460   003C7A                     CLC1GLS0        equ	15482	;# 
   461   003C7B                     CLC1GLS1        equ	15483	;# 
   462   003C7C                     CLC1GLS2        equ	15484	;# 
   463   003C7D                     CLC1GLS3        equ	15485	;# 
   464   003C7E                     CLCDATA0        equ	15486	;# 
   465   003CE5                     CLKRCON         equ	15589	;# 
   466   003CE6                     CLKRCLK         equ	15590	;# 
   467   003CFA                     MD1CON0         equ	15610	;# 
   468   003CFB                     MD1CON1         equ	15611	;# 
   469   003CFC                     MD1SRC          equ	15612	;# 
   470   003CFD                     MD1CARL         equ	15613	;# 
   471   003CFE                     MD1CARH         equ	15614	;# 
   472   003D10                     SPI1RXB         equ	15632	;# 
   473   003D11                     SPI1TXB         equ	15633	;# 
   474   003D12                     SPI1TCNT        equ	15634	;# 
   475   003D12                     SPI1TCNTL       equ	15634	;# 
   476   003D13                     SPI1TCNTH       equ	15635	;# 
   477   003D14                     SPI1CON0        equ	15636	;# 
   478   003D15                     SPI1CON1        equ	15637	;# 
   479   003D16                     SPI1CON2        equ	15638	;# 
   480   003D17                     SPI1STATUS      equ	15639	;# 
   481   003D18                     SPI1TWIDTH      equ	15640	;# 
   482   003D19                     SPI1BAUD        equ	15641	;# 
   483   003D1A                     SPI1INTF        equ	15642	;# 
   484   003D1B                     SPI1INTE        equ	15643	;# 
   485   003D1C                     SPI1CLK         equ	15644	;# 
   486   003D54                     I2C2RXB         equ	15700	;# 
   487   003D55                     I2C2TXB         equ	15701	;# 
   488   003D56                     I2C2CNT         equ	15702	;# 
   489   003D57                     I2C2ADB0        equ	15703	;# 
   490   003D58                     I2C2ADB1        equ	15704	;# 
   491   003D59                     I2C2ADR0        equ	15705	;# 
   492   003D5A                     I2C2ADR1        equ	15706	;# 
   493   003D5B                     I2C2ADR2        equ	15707	;# 
   494   003D5C                     I2C2ADR3        equ	15708	;# 
   495   003D5D                     I2C2CON0        equ	15709	;# 
   496   003D5E                     I2C2CON1        equ	15710	;# 
   497   003D5F                     I2C2CON2        equ	15711	;# 
   498   003D60                     I2C2ERR         equ	15712	;# 
   499   003D61                     I2C2STAT0       equ	15713	;# 
   500   003D62                     I2C2STAT1       equ	15714	;# 
   501   003D63                     I2C2PIR         equ	15715	;# 
   502   003D64                     I2C2PIE         equ	15716	;# 
   503   003D65                     I2C2CLK         equ	15717	;# 
   504   003D66                     I2C2BTO         equ	15718	;# 
   505   003D6A                     I2C1RXB         equ	15722	;# 
   506   003D6B                     I2C1TXB         equ	15723	;# 
   507   003D6C                     I2C1CNT         equ	15724	;# 
   508   003D6D                     I2C1ADB0        equ	15725	;# 
   509   003D6E                     I2C1ADB1        equ	15726	;# 
   510   003D6F                     I2C1ADR0        equ	15727	;# 
   511   003D70                     I2C1ADR1        equ	15728	;# 
   512   003D71                     I2C1ADR2        equ	15729	;# 
   513   003D72                     I2C1ADR3        equ	15730	;# 
   514   003D73                     I2C1CON0        equ	15731	;# 
   515   003D74                     I2C1CON1        equ	15732	;# 
   516   003D75                     I2C1CON2        equ	15733	;# 
   517   003D76                     I2C1ERR         equ	15734	;# 
   518   003D77                     I2C1STAT0       equ	15735	;# 
   519   003D78                     I2C1STAT1       equ	15736	;# 
   520   003D79                     I2C1PIR         equ	15737	;# 
   521   003D7A                     I2C1PIE         equ	15738	;# 
   522   003D7B                     I2C1CLK         equ	15739	;# 
   523   003D7C                     I2C1BTO         equ	15740	;# 
   524   003DD0                     U2RXB           equ	15824	;# 
   525   003DD0                     U2RXBL          equ	15824	;# 
   526   003DD2                     U2TXB           equ	15826	;# 
   527   003DD2                     U2TXBL          equ	15826	;# 
   528   003DD4                     U2P1            equ	15828	;# 
   529   003DD4                     U2P1L           equ	15828	;# 
   530   003DD6                     U2P2            equ	15830	;# 
   531   003DD6                     U2P2L           equ	15830	;# 
   532   003DD8                     U2P3            equ	15832	;# 
   533   003DD8                     U2P3L           equ	15832	;# 
   534   003DDA                     U2CON0          equ	15834	;# 
   535   003DDB                     U2CON1          equ	15835	;# 
   536   003DDC                     U2CON2          equ	15836	;# 
   537   003DDD                     U2BRG           equ	15837	;# 
   538   003DDD                     U2BRGL          equ	15837	;# 
   539   003DDE                     U2BRGH          equ	15838	;# 
   540   003DDF                     U2FIFO          equ	15839	;# 
   541   003DE0                     U2UIR           equ	15840	;# 
   542   003DE1                     U2ERRIR         equ	15841	;# 
   543   003DE2                     U2ERRIE         equ	15842	;# 
   544   003DE8                     U1RXB           equ	15848	;# 
   545   003DE8                     U1RXBL          equ	15848	;# 
   546   003DE9                     U1RXCHK         equ	15849	;# 
   547   003DEA                     U1TXB           equ	15850	;# 
   548   003DEA                     U1TXBL          equ	15850	;# 
   549   003DEB                     U1TXCHK         equ	15851	;# 
   550   003DEC                     U1P1            equ	15852	;# 
   551   003DEC                     U1P1L           equ	15852	;# 
   552   003DED                     U1P1H           equ	15853	;# 
   553   003DEE                     U1P2            equ	15854	;# 
   554   003DEE                     U1P2L           equ	15854	;# 
   555   003DEF                     U1P2H           equ	15855	;# 
   556   003DF0                     U1P3            equ	15856	;# 
   557   003DF0                     U1P3L           equ	15856	;# 
   558   003DF1                     U1P3H           equ	15857	;# 
   559   003DF2                     U1CON0          equ	15858	;# 
   560   003DF3                     U1CON1          equ	15859	;# 
   561   003DF4                     U1CON2          equ	15860	;# 
   562   003DF5                     U1BRG           equ	15861	;# 
   563   003DF5                     U1BRGL          equ	15861	;# 
   564   003DF6                     U1BRGH          equ	15862	;# 
   565   003DF7                     U1FIFO          equ	15863	;# 
   566   003DF8                     U1UIR           equ	15864	;# 
   567   003DF9                     U1ERRIR         equ	15865	;# 
   568   003DFA                     U1ERRIE         equ	15866	;# 
   569   003E9C                     DAC1CON1        equ	16028	;# 
   570   003E9E                     DAC1CON0        equ	16030	;# 
   571   003EB8                     CM2CON0         equ	16056	;# 
   572   003EB9                     CM2CON1         equ	16057	;# 
   573   003EBA                     CM2NCH          equ	16058	;# 
   574   003EBB                     CM2PCH          equ	16059	;# 
   575   003EBC                     CM1CON0         equ	16060	;# 
   576   003EBD                     CM1CON1         equ	16061	;# 
   577   003EBE                     CM1NCH          equ	16062	;# 
   578   003EBF                     CM1PCH          equ	16063	;# 
   579   003EC0                     CMOUT           equ	16064	;# 
   580   003EC1                     FVRCON          equ	16065	;# 
   581   003EC3                     ZCDCON          equ	16067	;# 
   582   003EC9                     HLVDCON0        equ	16073	;# 
   583   003ECA                     HLVDCON1        equ	16074	;# 
   584   003ED7                     ADCP            equ	16087	;# 
   585   003EDE                     ADLTH           equ	16094	;# 
   586   003EDE                     ADLTHL          equ	16094	;# 
   587   003EDF                     ADLTHH          equ	16095	;# 
   588   003EE0                     ADUTH           equ	16096	;# 
   589   003EE0                     ADUTHL          equ	16096	;# 
   590   003EE1                     ADUTHH          equ	16097	;# 
   591   003EE2                     ADERR           equ	16098	;# 
   592   003EE2                     ADERRL          equ	16098	;# 
   593   003EE3                     ADERRH          equ	16099	;# 
   594   003EE4                     ADSTPT          equ	16100	;# 
   595   003EE4                     ADSTPTL         equ	16100	;# 
   596   003EE5                     ADSTPTH         equ	16101	;# 
   597   003EE6                     ADFLTR          equ	16102	;# 
   598   003EE6                     ADFLTRL         equ	16102	;# 
   599   003EE7                     ADFLTRH         equ	16103	;# 
   600   003EE8                     ADACC           equ	16104	;# 
   601   003EE8                     ADACCL          equ	16104	;# 
   602   003EE9                     ADACCH          equ	16105	;# 
   603   003EEA                     ADACCU          equ	16106	;# 
   604   003EEB                     ADCNT           equ	16107	;# 
   605   003EEC                     ADRPT           equ	16108	;# 
   606   003EED                     ADPREV          equ	16109	;# 
   607   003EED                     ADPREVL         equ	16109	;# 
   608   003EEE                     ADPREVH         equ	16110	;# 
   609   003EEF                     ADRES           equ	16111	;# 
   610   003EEF                     ADRESL          equ	16111	;# 
   611   003EF0                     ADRESH          equ	16112	;# 
   612   003EF1                     ADPCH           equ	16113	;# 
   613   003EF3                     ADACQ           equ	16115	;# 
   614   003EF3                     ADACQL          equ	16115	;# 
   615   003EF4                     ADACQH          equ	16116	;# 
   616   003EF5                     ADCAP           equ	16117	;# 
   617   003EF6                     ADPRE           equ	16118	;# 
   618   003EF6                     ADPREL          equ	16118	;# 
   619   003EF7                     ADPREH          equ	16119	;# 
   620   003EF8                     ADCON0          equ	16120	;# 
   621   003EF9                     ADCON1          equ	16121	;# 
   622   003EFA                     ADCON2          equ	16122	;# 
   623   003EFB                     ADCON3          equ	16123	;# 
   624   003EFC                     ADSTAT          equ	16124	;# 
   625   003EFD                     ADREF           equ	16125	;# 
   626   003EFE                     ADACT           equ	16126	;# 
   627   003EFF                     ADCLK           equ	16127	;# 
   628   003F12                     SMT1TMR         equ	16146	;# 
   629   003F12                     SMT1TMRL        equ	16146	;# 
   630   003F13                     SMT1TMRH        equ	16147	;# 
   631   003F14                     SMT1TMRU        equ	16148	;# 
   632   003F15                     SMT1CPR         equ	16149	;# 
   633   003F15                     SMT1CPRL        equ	16149	;# 
   634   003F16                     SMT1CPRH        equ	16150	;# 
   635   003F17                     SMT1CPRU        equ	16151	;# 
   636   003F18                     SMT1CPW         equ	16152	;# 
   637   003F18                     SMT1CPWL        equ	16152	;# 
   638   003F19                     SMT1CPWH        equ	16153	;# 
   639   003F1A                     SMT1CPWU        equ	16154	;# 
   640   003F1B                     SMT1PR          equ	16155	;# 
   641   003F1B                     SMT1PRL         equ	16155	;# 
   642   003F1C                     SMT1PRH         equ	16156	;# 
   643   003F1D                     SMT1PRU         equ	16157	;# 
   644   003F1E                     SMT1CON0        equ	16158	;# 
   645   003F1F                     SMT1CON1        equ	16159	;# 
   646   003F20                     SMT1STAT        equ	16160	;# 
   647   003F21                     SMT1CLK         equ	16161	;# 
   648   003F22                     SMT1SIG         equ	16162	;# 
   649   003F23                     SMT1WIN         equ	16163	;# 
   650   003F38                     NCO1ACC         equ	16184	;# 
   651   003F38                     NCO1ACCL        equ	16184	;# 
   652   003F39                     NCO1ACCH        equ	16185	;# 
   653   003F3A                     NCO1ACCU        equ	16186	;# 
   654   003F3B                     NCO1INC         equ	16187	;# 
   655   003F3B                     NCO1INCL        equ	16187	;# 
   656   003F3C                     NCO1INCH        equ	16188	;# 
   657   003F3D                     NCO1INCU        equ	16189	;# 
   658   003F3E                     NCO1CON         equ	16190	;# 
   659   003F3F                     NCO1CLK         equ	16191	;# 
   660   003F40                     CWG3CLK         equ	16192	;# 
   661   003F40                     CWG3CLKCON      equ	16192	;# 
   662   003F41                     CWG3ISM         equ	16193	;# 
   663   003F41                     CWG3DAT         equ	16193	;# 
   664   003F42                     CWG3DBR         equ	16194	;# 
   665   003F43                     CWG3DBF         equ	16195	;# 
   666   003F44                     CWG3CON0        equ	16196	;# 
   667   003F45                     CWG3CON1        equ	16197	;# 
   668   003F46                     CWG3AS0         equ	16198	;# 
   669   003F47                     CWG3AS1         equ	16199	;# 
   670   003F48                     CWG3STR         equ	16200	;# 
   671   003F49                     CWG2CLK         equ	16201	;# 
   672   003F49                     CWG2CLKCON      equ	16201	;# 
   673   003F4A                     CWG2ISM         equ	16202	;# 
   674   003F4A                     CWG2DAT         equ	16202	;# 
   675   003F4B                     CWG2DBR         equ	16203	;# 
   676   003F4C                     CWG2DBF         equ	16204	;# 
   677   003F4D                     CWG2CON0        equ	16205	;# 
   678   003F4E                     CWG2CON1        equ	16206	;# 
   679   003F4F                     CWG2AS0         equ	16207	;# 
   680   003F50                     CWG2AS1         equ	16208	;# 
   681   003F51                     CWG2STR         equ	16209	;# 
   682   003F52                     CWG1CLK         equ	16210	;# 
   683   003F52                     CWG1CLKCON      equ	16210	;# 
   684   003F53                     CWG1ISM         equ	16211	;# 
   685   003F53                     CWG1DAT         equ	16211	;# 
   686   003F54                     CWG1DBR         equ	16212	;# 
   687   003F55                     CWG1DBF         equ	16213	;# 
   688   003F56                     CWG1CON0        equ	16214	;# 
   689   003F57                     CWG1CON1        equ	16215	;# 
   690   003F58                     CWG1AS0         equ	16216	;# 
   691   003F59                     CWG1AS1         equ	16217	;# 
   692   003F5A                     CWG1STR         equ	16218	;# 
   693   003F5E                     CCPTMRS0        equ	16222	;# 
   694   003F5F                     CCPTMRS1        equ	16223	;# 
   695   003F60                     PWM8DC          equ	16224	;# 
   696   003F60                     PWM8DCL         equ	16224	;# 
   697   003F61                     PWM8DCH         equ	16225	;# 
   698   003F62                     PWM8CON         equ	16226	;# 
   699   003F64                     PWM7DC          equ	16228	;# 
   700   003F64                     PWM7DCL         equ	16228	;# 
   701   003F65                     PWM7DCH         equ	16229	;# 
   702   003F66                     PWM7CON         equ	16230	;# 
   703   003F68                     PWM6DC          equ	16232	;# 
   704   003F68                     PWM6DCL         equ	16232	;# 
   705   003F69                     PWM6DCH         equ	16233	;# 
   706   003F6A                     PWM6CON         equ	16234	;# 
   707   003F6C                     PWM5DC          equ	16236	;# 
   708   003F6C                     PWM5DCL         equ	16236	;# 
   709   003F6D                     PWM5DCH         equ	16237	;# 
   710   003F6E                     PWM5CON         equ	16238	;# 
   711   003F70                     CCPR4           equ	16240	;# 
   712   003F70                     CCPR4L          equ	16240	;# 
   713   003F71                     CCPR4H          equ	16241	;# 
   714   003F72                     CCP4CON         equ	16242	;# 
   715   003F73                     CCP4CAP         equ	16243	;# 
   716   003F74                     CCPR3           equ	16244	;# 
   717   003F74                     CCPR3L          equ	16244	;# 
   718   003F75                     CCPR3H          equ	16245	;# 
   719   003F76                     CCP3CON         equ	16246	;# 
   720   003F77                     CCP3CAP         equ	16247	;# 
   721   003F78                     CCPR2           equ	16248	;# 
   722   003F78                     CCPR2L          equ	16248	;# 
   723   003F79                     CCPR2H          equ	16249	;# 
   724   003F7A                     CCP2CON         equ	16250	;# 
   725   003F7B                     CCP2CAP         equ	16251	;# 
   726   003F7C                     CCPR1           equ	16252	;# 
   727   003F7C                     CCPR1L          equ	16252	;# 
   728   003F7D                     CCPR1H          equ	16253	;# 
   729   003F7E                     CCP1CON         equ	16254	;# 
   730   003F7F                     CCP1CAP         equ	16255	;# 
   731   003F92                     T6TMR           equ	16274	;# 
   732   003F92                     TMR6            equ	16274	;# 
   733   003F93                     T6PR            equ	16275	;# 
   734   003F93                     PR6             equ	16275	;# 
   735   003F94                     T6CON           equ	16276	;# 
   736   003F95                     T6HLT           equ	16277	;# 
   737   003F96                     T6CLKCON        equ	16278	;# 
   738   003F96                     T6CLK           equ	16278	;# 
   739   003F97                     T6RST           equ	16279	;# 
   740   003F98                     TMR5            equ	16280	;# 
   741   003F98                     TMR5L           equ	16280	;# 
   742   003F99                     TMR5H           equ	16281	;# 
   743   003F9A                     T5CON           equ	16282	;# 
   744   003F9A                     TMR5CON         equ	16282	;# 
   745   003F9B                     T5GCON          equ	16283	;# 
   746   003F9B                     TMR5GCON        equ	16283	;# 
   747   003F9C                     T5GATE          equ	16284	;# 
   748   003F9C                     TMR5GATE        equ	16284	;# 
   749   003F9D                     T5CLK           equ	16285	;# 
   750   003F9D                     TMR5CLK         equ	16285	;# 
   751   003F9D                     PR5             equ	16285	;# 
   752   003F9E                     T4TMR           equ	16286	;# 
   753   003F9E                     TMR4            equ	16286	;# 
   754   003F9F                     T4PR            equ	16287	;# 
   755   003F9F                     PR4             equ	16287	;# 
   756   003FA0                     T4CON           equ	16288	;# 
   757   003FA1                     T4HLT           equ	16289	;# 
   758   003FA2                     T4CLKCON        equ	16290	;# 
   759   003FA2                     T4CLK           equ	16290	;# 
   760   003FA3                     T4RST           equ	16291	;# 
   761   003FA4                     TMR3            equ	16292	;# 
   762   003FA4                     TMR3L           equ	16292	;# 
   763   003FA5                     TMR3H           equ	16293	;# 
   764   003FA6                     T3CON           equ	16294	;# 
   765   003FA6                     TMR3CON         equ	16294	;# 
   766   003FA7                     T3GCON          equ	16295	;# 
   767   003FA7                     TMR3GCON        equ	16295	;# 
   768   003FA8                     T3GATE          equ	16296	;# 
   769   003FA8                     TMR3GATE        equ	16296	;# 
   770   003FA9                     T3CLK           equ	16297	;# 
   771   003FA9                     TMR3CLK         equ	16297	;# 
   772   003FA9                     PR3             equ	16297	;# 
   773   003FAA                     T2TMR           equ	16298	;# 
   774   003FAA                     TMR2            equ	16298	;# 
   775   003FAB                     T2PR            equ	16299	;# 
   776   003FAB                     PR2             equ	16299	;# 
   777   003FAC                     T2CON           equ	16300	;# 
   778   003FAD                     T2HLT           equ	16301	;# 
   779   003FAE                     T2CLKCON        equ	16302	;# 
   780   003FAE                     T2CLK           equ	16302	;# 
   781   003FAF                     T2RST           equ	16303	;# 
   782   003FB0                     TMR1            equ	16304	;# 
   783   003FB0                     TMR1L           equ	16304	;# 
   784   003FB1                     TMR1H           equ	16305	;# 
   785   003FB2                     T1CON           equ	16306	;# 
   786   003FB2                     TMR1CON         equ	16306	;# 
   787   003FB3                     T1GCON          equ	16307	;# 
   788   003FB3                     TMR1GCON        equ	16307	;# 
   789   003FB4                     T1GATE          equ	16308	;# 
   790   003FB4                     TMR1GATE        equ	16308	;# 
   791   003FB5                     T1CLK           equ	16309	;# 
   792   003FB5                     TMR1CLK         equ	16309	;# 
   793   003FB5                     PR1             equ	16309	;# 
   794   003FB6                     TMR0L           equ	16310	;# 
   795   003FB6                     TMR0            equ	16310	;# 
   796   003FB7                     TMR0H           equ	16311	;# 
   797   003FB7                     PR0             equ	16311	;# 
   798   003FB8                     T0CON0          equ	16312	;# 
   799   003FB9                     T0CON1          equ	16313	;# 
   800   003FBA                     LATA            equ	16314	;# 
   801   003FBB                     LATB            equ	16315	;# 
   802   003FBC                     LATC            equ	16316	;# 
   803   003FBD                     LATD            equ	16317	;# 
   804   003FBE                     LATE            equ	16318	;# 
   805   003FC2                     TRISA           equ	16322	;# 
   806   003FC3                     TRISB           equ	16323	;# 
   807   003FC4                     TRISC           equ	16324	;# 
   808   003FC5                     TRISD           equ	16325	;# 
   809   003FC6                     TRISE           equ	16326	;# 
   810   003FCA                     PORTA           equ	16330	;# 
   811   003FCB                     PORTB           equ	16331	;# 
   812   003FCC                     PORTC           equ	16332	;# 
   813   003FCD                     PORTD           equ	16333	;# 
   814   003FCE                     PORTE           equ	16334	;# 
   815   003FD2                     INTCON0         equ	16338	;# 
   816   003FD3                     INTCON1         equ	16339	;# 
   817   003FD4                     IVTLOCK         equ	16340	;# 
   818   003FD5                     IVTBASE         equ	16341	;# 
   819   003FD5                     IVTBASEL        equ	16341	;# 
   820   003FD6                     IVTBASEH        equ	16342	;# 
   821   003FD7                     IVTBASEU        equ	16343	;# 
   822   003FD8                     STATUS          equ	16344	;# 
   823   003FD9                     FSR2            equ	16345	;# 
   824   003FD9                     FSR2L           equ	16345	;# 
   825   003FDA                     FSR2H           equ	16346	;# 
   826   003FDB                     PLUSW2          equ	16347	;# 
   827   003FDC                     PREINC2         equ	16348	;# 
   828   003FDD                     POSTDEC2        equ	16349	;# 
   829   003FDE                     POSTINC2        equ	16350	;# 
   830   003FDF                     INDF2           equ	16351	;# 
   831   003FE0                     BSR             equ	16352	;# 
   832   003FE1                     FSR1            equ	16353	;# 
   833   003FE1                     FSR1L           equ	16353	;# 
   834   003FE2                     FSR1H           equ	16354	;# 
   835   003FE3                     PLUSW1          equ	16355	;# 
   836   003FE4                     PREINC1         equ	16356	;# 
   837   003FE5                     POSTDEC1        equ	16357	;# 
   838   003FE6                     POSTINC1        equ	16358	;# 
   839   003FE7                     INDF1           equ	16359	;# 
   840   003FE8                     WREG            equ	16360	;# 
   841   003FE9                     FSR0            equ	16361	;# 
   842   003FE9                     FSR0L           equ	16361	;# 
   843   003FEA                     FSR0H           equ	16362	;# 
   844   003FEB                     PLUSW0          equ	16363	;# 
   845   003FEC                     PREINC0         equ	16364	;# 
   846   003FED                     POSTDEC0        equ	16365	;# 
   847   003FEE                     POSTINC0        equ	16366	;# 
   848   003FEF                     INDF0           equ	16367	;# 
   849   003FF0                     PCON0           equ	16368	;# 
   850   003FF1                     PCON1           equ	16369	;# 
   851   003FF3                     PROD            equ	16371	;# 
   852   003FF3                     PRODL           equ	16371	;# 
   853   003FF4                     PRODH           equ	16372	;# 
   854   003FF5                     TABLAT          equ	16373	;# 
   855   003FF6                     TBLPTR          equ	16374	;# 
   856   003FF6                     TBLPTRL         equ	16374	;# 
   857   003FF7                     TBLPTRH         equ	16375	;# 
   858   003FF8                     TBLPTRU         equ	16376	;# 
   859   003FF9                     PCLAT           equ	16377	;# 
   860   003FF9                     PCL             equ	16377	;# 
   861   003FFA                     PCLATH          equ	16378	;# 
   862   003FFB                     PCLATU          equ	16379	;# 
   863   003FFC                     STKPTR          equ	16380	;# 
   864   003FFD                     TOS             equ	16381	;# 
   865   003FFD                     TOSL            equ	16381	;# 
   866   003FFE                     TOSH            equ	16382	;# 
   867   003FFF                     TOSU            equ	16383	;# 
   868   003990                     _PIE0bits       set	14736
   869   0039A0                     _PIR0bits       set	14752
   870   003A40                     _ANSELAbits     set	14912
   871   003A66                     _IOCCNbits      set	14950
   872   003A65                     _IOCCPbits      set	14949
   873   003A61                     _WPUCbits       set	14945
   874   003A60                     _ANSELCbits     set	14944
   875   003A60                     _ANSELC         set	14944
   876   003A70                     _ANSELD         set	14960
   877   003A50                     _ANSELB         set	14928
   878   003A67                     _IOCCFbits      set	14951
   879   003EF1                     _ADPCH          set	16113
   880   003EF8                     _ADCON0         set	16120
   881   003EEF                     _ADRESL         set	16111
   882   003EF0                     _ADRESH         set	16112
   883   003EF4                     _ADACQH         set	16116
   884   003EF3                     _ADACQL         set	16115
   885   003EF7                     _ADPREH         set	16119
   886   003EF6                     _ADPREL         set	16118
   887   003EFF                     _ADCLK          set	16127
   888   003EFD                     _ADREFbits      set	16125
   889   003FBD                     _LATDbits       set	16317
   890   003FC2                     _TRISAbits      set	16322
   891   003FD2                     _INTCON0bits    set	16338
   892   003FBC                     _LATCbits       set	16316
   893   003FBD                     _LATD           set	16317
   894   003FBB                     _LATB           set	16315
   895   003FC4                     _TRISCbits      set	16324
   896   003FC5                     _TRISD          set	16325
   897   003FC3                     _TRISB          set	16323
   898                           
   899                           	psect	smallconst
   900   002000                     __psmallconst:
   901                           	callstack 0
   902   002000  00                 	db	0
   903   002001                     STR_8:
   904                           
   905                           ; BSR set to: 57
   906   002001  52                 	db	82	;'R'
   907   002002  65                 	db	101	;'e'
   908   002003  73                 	db	115	;'s'
   909   002004  65                 	db	101	;'e'
   910   002005  74                 	db	116	;'t'
   911   002006  20                 	db	32
   912   002007  69                 	db	105	;'i'
   913   002008  6E                 	db	110	;'n'
   914   002009  20                 	db	32
   915   00200A  25                 	db	37
   916   00200B  32                 	db	50	;'2'
   917   00200C  75                 	db	117	;'u'
   918   00200D  20                 	db	32
   919   00200E  73                 	db	115	;'s'
   920   00200F  65                 	db	101	;'e'
   921   002010  63                 	db	99	;'c'
   922   002011  20                 	db	32
   923   002012  00                 	db	0
   924   002013                     STR_4:
   925                           
   926                           ; BSR set to: 57
   927   002013  46                 	db	70	;'F'
   928   002014  6C                 	db	108	;'l'
   929   002015  61                 	db	97	;'a'
   930   002016  74                 	db	116	;'t'
   931   002017  20                 	db	32
   932   002018  20                 	db	32
   933   002019  20                 	db	32
   934   00201A  20                 	db	32
   935   00201B  20                 	db	32
   936   00201C  20                 	db	32
   937   00201D  20                 	db	32
   938   00201E  20                 	db	32
   939   00201F  20                 	db	32
   940   002020  20                 	db	32
   941   002021  20                 	db	32
   942   002022  20                 	db	32
   943   002023  00                 	db	0
   944   002024                     STR_1:
   945                           
   946                           ; BSR set to: 57
   947   002024  53                 	db	83	;'S'
   948   002025  68                 	db	104	;'h'
   949   002026  61                 	db	97	;'a'
   950   002027  6B                 	db	107	;'k'
   951   002028  65                 	db	101	;'e'
   952   002029  20                 	db	32
   953   00202A  20                 	db	32
   954   00202B  20                 	db	32
   955   00202C  20                 	db	32
   956   00202D  20                 	db	32
   957   00202E  20                 	db	32
   958   00202F  20                 	db	32
   959   002030  20                 	db	32
   960   002031  20                 	db	32
   961   002032  20                 	db	32
   962   002033  20                 	db	32
   963   002034  00                 	db	0
   964   002035                     STR_2:
   965                           
   966                           ; BSR set to: 57
   967   002035  54                 	db	84	;'T'
   968   002036  69                 	db	105	;'i'
   969   002037  6C                 	db	108	;'l'
   970   002038  74                 	db	116	;'t'
   971   002039  5F                 	db	95	;'_'
   972   00203A  4C                 	db	76	;'L'
   973   00203B  65                 	db	101	;'e'
   974   00203C  66                 	db	102	;'f'
   975   00203D  74                 	db	116	;'t'
   976   00203E  20                 	db	32
   977   00203F  20                 	db	32
   978   002040  20                 	db	32
   979   002041  20                 	db	32
   980   002042  20                 	db	32
   981   002043  20                 	db	32
   982   002044  20                 	db	32
   983   002045  00                 	db	0
   984   002046                     STR_7:
   985                           
   986                           ; BSR set to: 57
   987   002046  48                 	db	72	;'H'
   988   002047  41                 	db	65	;'A'
   989   002048  4C                 	db	76	;'L'
   990   002049  54                 	db	84	;'T'
   991   00204A  20                 	db	32
   992   00204B  53                 	db	83	;'S'
   993   00204C  74                 	db	116	;'t'
   994   00204D  61                 	db	97	;'a'
   995   00204E  74                 	db	116	;'t'
   996   00204F  65                 	db	101	;'e'
   997   002050  20                 	db	32
   998   002051  20                 	db	32
   999   002052  20                 	db	32
  1000   002053  20                 	db	32
  1001   002054  20                 	db	32
  1002   002055  20                 	db	32
  1003   002056  00                 	db	0
  1004   002057                     STR_3:
  1005                           
  1006                           ; BSR set to: 57
  1007   002057  54                 	db	84	;'T'
  1008   002058  69                 	db	105	;'i'
  1009   002059  6C                 	db	108	;'l'
  1010   00205A  74                 	db	116	;'t'
  1011   00205B  5F                 	db	95	;'_'
  1012   00205C  52                 	db	82	;'R'
  1013   00205D  69                 	db	105	;'i'
  1014   00205E  67                 	db	103	;'g'
  1015   00205F  68                 	db	104	;'h'
  1016   002060  74                 	db	116	;'t'
  1017   002061  20                 	db	32
  1018   002062  20                 	db	32
  1019   002063  20                 	db	32
  1020   002064  20                 	db	32
  1021   002065  20                 	db	32
  1022   002066  20                 	db	32
  1023   002067  00                 	db	0
  1024   002068                     STR_9:
  1025                           
  1026                           ; BSR set to: 57
  1027   002068  52                 	db	82	;'R'
  1028   002069  65                 	db	101	;'e'
  1029   00206A  73                 	db	115	;'s'
  1030   00206B  65                 	db	101	;'e'
  1031   00206C  74                 	db	116	;'t'
  1032   00206D  20                 	db	32
  1033   00206E  69                 	db	105	;'i'
  1034   00206F  6E                 	db	110	;'n'
  1035   002070  20                 	db	32
  1036   002071  20                 	db	32
  1037   002072  30                 	db	48	;'0'
  1038   002073  20                 	db	32
  1039   002074  73                 	db	115	;'s'
  1040   002075  65                 	db	101	;'e'
  1041   002076  63                 	db	99	;'c'
  1042   002077  20                 	db	32
  1043   002078  00                 	db	0
  1044   002079                     STR_10:
  1045                           
  1046                           ; BSR set to: 57
  1047   002079  43                 	db	67	;'C'
  1048   00207A  61                 	db	97	;'a'
  1049   00207B  6C                 	db	108	;'l'
  1050   00207C  69                 	db	105	;'i'
  1051   00207D  62                 	db	98	;'b'
  1052   00207E  72                 	db	114	;'r'
  1053   00207F  61                 	db	97	;'a'
  1054   002080  74                 	db	116	;'t'
  1055   002081  69                 	db	105	;'i'
  1056   002082  6E                 	db	110	;'n'
  1057   002083  67                 	db	103	;'g'
  1058   002084  2E                 	db	46
  1059   002085  2E                 	db	46
  1060   002086  2E                 	db	46
  1061   002087  00                 	db	0
  1062   002088                     STR_6:
  1063                           
  1064                           ; BSR set to: 57
  1065   002088  20                 	db	32
  1066   002089  6D                 	db	109	;'m'
  1067   00208A  2F                 	db	47
  1068   00208B  73                 	db	115	;'s'
  1069   00208C  32                 	db	50	;'2'
  1070   00208D  20                 	db	32
  1071   00208E  20                 	db	32
  1072   00208F  20                 	db	32
  1073   002090  00                 	db	0
  1074   002091                     STR_11:
  1075                           
  1076                           ; BSR set to: 57
  1077   002091  25                 	db	37
  1078   002092  64                 	db	100	;'d'
  1079   002093  2E                 	db	46
  1080   002094  25                 	db	37
  1081   002095  30                 	db	48	;'0'
  1082   002096  32                 	db	50	;'2'
  1083   002097  64                 	db	100	;'d'
  1084   002098  00                 	db	0
  1085   002099                     STR_5:
  1086                           
  1087                           ; BSR set to: 57
  1088   002099  58                 	db	88	;'X'
  1089   00209A  3A                 	db	58	;':'
  1090   00209B  00                 	db	0
  1091   00209C  00                 	db	0	; dummy byte at the end
  1092   002000                     __smallconst    set	__psmallconst
  1093   002000                     __mediumconst   set	__psmallconst
  1094   000003                     __activetblptr  equ	3
  1095                           
  1096                           ; #config settings
  1097                           
  1098                           	psect	cinit
  1099   00521A                     __pcinit:
  1100                           	callstack 0
  1101   00521A                     start_initialization:
  1102                           	callstack 0
  1103   00521A                     __initialization:
  1104                           	callstack 0
  1105                           
  1106                           ; Clear objects allocated to BANK0 (35 bytes)
  1107   00521A  EE00  F0A4         	lfsr	0,__pbssBANK0
  1108   00521E  0E23               	movlw	35
  1109   005220                     clear_0:
  1110   005220  6AEE               	clrf	postinc0,c
  1111   005222  06E8               	decf	wreg,f,c
  1112   005224  E1FD               	bnz	clear_0
  1113                           
  1114                           ; Clear objects allocated to COMRAM (5 bytes)
  1115   005226  6A5B               	clrf	(__pbssCOMRAM+4)& (0+255),c
  1116   005228  6A5A               	clrf	(__pbssCOMRAM+3)& (0+255),c
  1117   00522A  6A59               	clrf	(__pbssCOMRAM+2)& (0+255),c
  1118   00522C  6A58               	clrf	(__pbssCOMRAM+1)& (0+255),c
  1119   00522E  6A57               	clrf	__pbssCOMRAM& (0+255),c
  1120                           
  1121                           ;
  1122                           ; Setup IVTBASE
  1123                           ;
  1124   003FD5                     IVTBASEL        equ	16341
  1125   003FD6                     IVTBASEH        equ	16342
  1126   003FD7                     IVTBASEU        equ	16343
  1127   005230  0E08               	movlw	(ivt0x4008_base shr 0)& (0+255)
  1128   005232  6ED5               	movwf	213,c
  1129   005234  0E40               	movlw	(ivt0x4008_base shr (0+8))& (0+255)
  1130   005236  6ED6               	movwf	214,c
  1131   005238  0E00               	movlw	(ivt0x4008_base shr (0+16))& (0+255)
  1132   00523A  6ED7               	movwf	215,c
  1133   00523C                     end_of_initialization:
  1134                           	callstack 0
  1135   00523C                     __end_of__initialization:
  1136                           	callstack 0
  1137   00523C  0100               	movlb	0
  1138   00523E  EF59  F020         	goto	_main	;jump to C main() function
  1139                           
  1140                           	psect	bssCOMRAM
  1141   000057                     __pbssCOMRAM:
  1142                           	callstack 0
  1143   000057                     _width:
  1144                           	callstack 0
  1145   000057                     	ds	2
  1146   000059                     _prec:
  1147                           	callstack 0
  1148   000059                     	ds	2
  1149   00005B                     _flags:
  1150                           	callstack 0
  1151   00005B                     	ds	1
  1152                           
  1153                           	psect	bssBANK0
  1154   0000A4                     __pbssBANK0:
  1155                           	callstack 0
  1156   0000A4                     _xZero:
  1157                           	callstack 0
  1158   0000A4                     	ds	2
  1159   0000A6                     _stopFlag:
  1160                           	callstack 0
  1161   0000A6                     	ds	1
  1162   0000A7                     _dbuf:
  1163                           	callstack 0
  1164   0000A7                     	ds	32
  1165                           
  1166                           	psect	cstackBANK0
  1167   000060                     __pcstackBANK0:
  1168                           	callstack 0
  1169   000060                     main@botLine:
  1170                           	callstack 0
  1171                           
  1172                           ; 17 bytes @ 0x0
  1173   000060                     	ds	17
  1174   000071                     main@number:
  1175                           	callstack 0
  1176                           
  1177                           ; 10 bytes @ 0x11
  1178   000071                     	ds	10
  1179   00007B                     main@topLine:
  1180                           	callstack 0
  1181                           
  1182                           ; 17 bytes @ 0x1B
  1183   00007B                     	ds	17
  1184   00008C                     main@xMv:
  1185                           	callstack 0
  1186                           
  1187                           ; 2 bytes @ 0x2C
  1188   00008C                     	ds	2
  1189   00008E                     main@yMv:
  1190                           	callstack 0
  1191                           
  1192                           ; 2 bytes @ 0x2E
  1193   00008E                     	ds	2
  1194   000090                     main@zMv:
  1195                           	callstack 0
  1196                           
  1197                           ; 2 bytes @ 0x30
  1198   000090                     	ds	2
  1199   000092                     main@xMs2:
  1200                           	callstack 0
  1201                           
  1202                           ; 2 bytes @ 0x32
  1203   000092                     	ds	2
  1204   000094                     main@moveAmount:
  1205                           	callstack 0
  1206                           
  1207                           ; 2 bytes @ 0x34
  1208   000094                     	ds	2
  1209   000096                     main@oldX:
  1210                           	callstack 0
  1211                           
  1212                           ; 2 bytes @ 0x36
  1213   000096                     	ds	2
  1214   000098                     main@oldY:
  1215                           	callstack 0
  1216                           
  1217                           ; 2 bytes @ 0x38
  1218   000098                     	ds	2
  1219   00009A                     main@oldZ:
  1220                           	callstack 0
  1221                           
  1222                           ; 2 bytes @ 0x3A
  1223   00009A                     	ds	2
  1224   00009C                     main@xAdc:
  1225                           	callstack 0
  1226                           
  1227                           ; 2 bytes @ 0x3C
  1228   00009C                     	ds	2
  1229   00009E                     main@yAdc:
  1230                           	callstack 0
  1231                           
  1232                           ; 2 bytes @ 0x3E
  1233   00009E                     	ds	2
  1234   0000A0                     main@zAdc:
  1235                           	callstack 0
  1236                           
  1237                           ; 2 bytes @ 0x40
  1238   0000A0                     	ds	2
  1239   0000A2                     main@xG:
  1240                           	callstack 0
  1241                           
  1242                           ; 2 bytes @ 0x42
  1243   0000A2                     	ds	2
  1244                           
  1245                           	psect	cstackCOMRAM
  1246   000001                     __pcstackCOMRAM:
  1247                           	callstack 0
  1248   000001                     ?_readADC:
  1249                           	callstack 0
  1250   000001                     ?___awdiv:
  1251                           	callstack 0
  1252   000001                     ?___awmod:
  1253                           	callstack 0
  1254   000001                     ?___lwdiv:
  1255                           	callstack 0
  1256   000001                     ?___lwmod:
  1257                           	callstack 0
  1258   000001                     ?_read_prec_or_width:
  1259                           	callstack 0
  1260   000001                     ?___lmul:
  1261                           	callstack 0
  1262   000001                     lcdCmd@cmd:
  1263                           	callstack 0
  1264   000001                     lcdChar@dat:
  1265                           	callstack 0
  1266   000001                     read_prec_or_width@fmt:
  1267                           	callstack 0
  1268   000001                     strcat@dest:
  1269                           	callstack 0
  1270   000001                     strcpy@dest:
  1271                           	callstack 0
  1272   000001                     ___awdiv@dividend:
  1273                           	callstack 0
  1274   000001                     ___awmod@dividend:
  1275                           	callstack 0
  1276   000001                     ___lwdiv@dividend:
  1277                           	callstack 0
  1278   000001                     ___lwmod@dividend:
  1279                           	callstack 0
  1280   000001                     fputc@c:
  1281                           	callstack 0
  1282   000001                     ___lmul@multiplier:
  1283                           	callstack 0
  1284   000001                     
  1285                           ; 1 bytes @ 0x0
  1286   000001                     	ds	1
  1287   000002                     read_prec_or_width@ap:
  1288                           	callstack 0
  1289   000002                     strcpy@src:
  1290                           	callstack 0
  1291   000002                     lcdText@msg:
  1292                           	callstack 0
  1293   000002                     strcat@src:
  1294                           	callstack 0
  1295   000002                     ??_lcdInit:
  1296   000002                     ??_lcdClear:
  1297                           
  1298                           ; 1 bytes @ 0x1
  1299   000002                     	ds	1
  1300   000003                     fputc@fp:
  1301                           	callstack 0
  1302   000003                     ___awdiv@divisor:
  1303                           	callstack 0
  1304   000003                     ___awmod@divisor:
  1305                           	callstack 0
  1306   000003                     ___lwdiv@divisor:
  1307                           	callstack 0
  1308   000003                     ___lwmod@divisor:
  1309                           	callstack 0
  1310   000003                     ??_readADC:
  1311   000003                     ??_strcpy:
  1312   000003                     ??_read_prec_or_width:
  1313                           
  1314                           ; 1 bytes @ 0x2
  1315   000003                     	ds	1
  1316   000004                     lcdTextAt@pos:
  1317                           	callstack 0
  1318   000004                     strcpy@d:
  1319                           	callstack 0
  1320   000004                     strcat@i:
  1321                           	callstack 0
  1322   000004                     ??_fputc:
  1323   000004                     
  1324                           ; 1 bytes @ 0x3
  1325   000004                     	ds	1
  1326   000005                     ___awdiv@counter:
  1327                           	callstack 0
  1328   000005                     ___awmod@counter:
  1329                           	callstack 0
  1330   000005                     ___lwmod@counter:
  1331                           	callstack 0
  1332   000005                     read_prec_or_width@c:
  1333                           	callstack 0
  1334   000005                     readADC@result:
  1335                           	callstack 0
  1336   000005                     lcdTextAt@msg:
  1337                           	callstack 0
  1338   000005                     ___lwdiv@quotient:
  1339                           	callstack 0
  1340   000005                     ___lmul@multiplicand:
  1341                           	callstack 0
  1342   000005                     
  1343                           ; 1 bytes @ 0x4
  1344   000005                     	ds	1
  1345   000006                     ___awdiv@sign:
  1346                           	callstack 0
  1347   000006                     ___awmod@sign:
  1348                           	callstack 0
  1349   000006                     read_prec_or_width@n:
  1350                           	callstack 0
  1351                           
  1352                           ; 2 bytes @ 0x5
  1353   000006                     	ds	1
  1354   000007                     readADC@channel:
  1355                           	callstack 0
  1356   000007                     lcdTextAt@row:
  1357                           	callstack 0
  1358   000007                     ___lwdiv@counter:
  1359                           	callstack 0
  1360   000007                     ___awdiv@quotient:
  1361                           	callstack 0
  1362   000007                     
  1363                           ; 1 bytes @ 0x6
  1364   000007                     	ds	1
  1365   000008                     lcdTextAt@location:
  1366                           	callstack 0
  1367                           
  1368                           ; 1 bytes @ 0x7
  1369   000008                     	ds	1
  1370   000009                     ?_mvToG:
  1371                           	callstack 0
  1372   000009                     ?_gToMs2:
  1373                           	callstack 0
  1374   000009                     fputs@s:
  1375                           	callstack 0
  1376   000009                     mvToG@mv:
  1377                           	callstack 0
  1378   000009                     gToMs2@gVal:
  1379                           	callstack 0
  1380   000009                     ___lmul@product:
  1381                           	callstack 0
  1382   000009                     
  1383                           ; 1 bytes @ 0x8
  1384   000009                     	ds	1
  1385   00000A                     fputs@fp:
  1386                           	callstack 0
  1387                           
  1388                           ; 1 bytes @ 0x9
  1389   00000A                     	ds	1
  1390   00000B                     fputs@c:
  1391                           	callstack 0
  1392   00000B                     ??_mvToG:
  1393   00000B                     ??_gToMs2:
  1394   00000B                     
  1395                           ; 1 bytes @ 0xA
  1396   00000B                     	ds	1
  1397   00000C                     fputs@i:
  1398                           	callstack 0
  1399                           
  1400                           ; 2 bytes @ 0xB
  1401   00000C                     	ds	1
  1402   00000D                     ?___lldiv:
  1403                           	callstack 0
  1404   00000D                     mvToG@diff:
  1405                           	callstack 0
  1406   00000D                     ___lldiv@dividend:
  1407                           	callstack 0
  1408                           
  1409                           ; 4 bytes @ 0xC
  1410   00000D                     	ds	1
  1411   00000E                     pad@fp:
  1412                           	callstack 0
  1413                           
  1414                           ; 1 bytes @ 0xD
  1415   00000E                     	ds	1
  1416   00000F                     ?_abs:
  1417                           	callstack 0
  1418   00000F                     pad@buf:
  1419                           	callstack 0
  1420   00000F                     abs@a:
  1421                           	callstack 0
  1422                           
  1423                           ; 2 bytes @ 0xE
  1424   00000F                     	ds	1
  1425   000010                     pad@p:
  1426                           	callstack 0
  1427                           
  1428                           ; 2 bytes @ 0xF
  1429   000010                     	ds	1
  1430   000011                     ___lldiv@divisor:
  1431                           	callstack 0
  1432   000011                     ??_abs:
  1433                           
  1434                           ; 1 bytes @ 0x10
  1435   000011                     	ds	1
  1436   000012                     ??_pad:
  1437                           
  1438                           ; 1 bytes @ 0x11
  1439   000012                     	ds	1
  1440   000013                     pad@i:
  1441                           	callstack 0
  1442                           
  1443                           ; 2 bytes @ 0x12
  1444   000013                     	ds	2
  1445   000015                     dtoa@fp:
  1446                           	callstack 0
  1447   000015                     utoa@fp:
  1448                           	callstack 0
  1449   000015                     ___lldiv@quotient:
  1450                           	callstack 0
  1451   000015                     
  1452                           ; 1 bytes @ 0x14
  1453   000015                     	ds	1
  1454   000016                     dtoa@d:
  1455                           	callstack 0
  1456   000016                     utoa@d:
  1457                           	callstack 0
  1458                           
  1459                           ; 2 bytes @ 0x15
  1460   000016                     	ds	2
  1461   000018                     utoa@p:
  1462                           	callstack 0
  1463   000018                     _dtoa$1328:
  1464                           	callstack 0
  1465   000018                     
  1466                           ; 1 bytes @ 0x17
  1467   000018                     	ds	1
  1468   000019                     ___lldiv@counter:
  1469                           	callstack 0
  1470   000019                     utoa@w:
  1471                           	callstack 0
  1472                           
  1473                           ; 2 bytes @ 0x18
  1474   000019                     	ds	1
  1475   00001A                     ?_adcToMv:
  1476                           	callstack 0
  1477   00001A                     dtoa@p:
  1478                           	callstack 0
  1479   00001A                     adcToMv@adc:
  1480                           	callstack 0
  1481                           
  1482                           ; 2 bytes @ 0x19
  1483   00001A                     	ds	1
  1484   00001B                     dtoa@w:
  1485                           	callstack 0
  1486   00001B                     utoa@i:
  1487                           	callstack 0
  1488                           
  1489                           ; 2 bytes @ 0x1A
  1490   00001B                     	ds	1
  1491   00001C                     ??_adcInit:
  1492   00001C                     
  1493                           ; 1 bytes @ 0x1B
  1494   00001C                     	ds	1
  1495   00001D                     dtoa@s:
  1496                           	callstack 0
  1497                           
  1498                           ; 1 bytes @ 0x1C
  1499   00001D                     	ds	1
  1500   00001E                     dtoa@i:
  1501                           	callstack 0
  1502                           
  1503                           ; 2 bytes @ 0x1D
  1504   00001E                     	ds	2
  1505   000020                     vfpfcnvrt@fp:
  1506                           	callstack 0
  1507                           
  1508                           ; 1 bytes @ 0x1F
  1509   000020                     	ds	1
  1510   000021                     vfpfcnvrt@fmt:
  1511                           	callstack 0
  1512                           
  1513                           ; 1 bytes @ 0x20
  1514   000021                     	ds	1
  1515   000022                     vfpfcnvrt@ap:
  1516                           	callstack 0
  1517                           
  1518                           ; 1 bytes @ 0x21
  1519   000022                     	ds	1
  1520   000023                     vfpfcnvrt@done:
  1521                           	callstack 0
  1522   000023                     
  1523                           ; 1 bytes @ 0x22
  1524   000023                     	ds	1
  1525   000024                     vfpfcnvrt@convarg:
  1526                           	callstack 0
  1527                           
  1528                           ; 4 bytes @ 0x23
  1529   000024                     	ds	4
  1530   000028                     vfpfcnvrt@cp:
  1531                           	callstack 0
  1532                           
  1533                           ; 1 bytes @ 0x27
  1534   000028                     	ds	1
  1535   000029                     ?_vfprintf:
  1536                           	callstack 0
  1537   000029                     vfprintf@fp:
  1538                           	callstack 0
  1539                           
  1540                           ; 1 bytes @ 0x28
  1541   000029                     	ds	1
  1542   00002A                     vfprintf@fmt:
  1543                           	callstack 0
  1544                           
  1545                           ; 1 bytes @ 0x29
  1546   00002A                     	ds	1
  1547   00002B                     vfprintf@ap:
  1548                           	callstack 0
  1549                           
  1550                           ; 1 bytes @ 0x2A
  1551   00002B                     	ds	1
  1552   00002C                     vfprintf@cfmt:
  1553                           	callstack 0
  1554   00002C                     
  1555                           ; 1 bytes @ 0x2B
  1556   00002C                     	ds	1
  1557   00002D                     ?_sprintf:
  1558                           	callstack 0
  1559   00002D                     sprintf@s:
  1560                           	callstack 0
  1561                           
  1562                           ; 1 bytes @ 0x2C
  1563   00002D                     	ds	1
  1564   00002E                     sprintf@fmt:
  1565                           	callstack 0
  1566                           
  1567                           ; 1 bytes @ 0x2D
  1568   00002E                     	ds	5
  1569   000033                     sprintf@ap:
  1570                           	callstack 0
  1571   000033                     
  1572                           ; 1 bytes @ 0x32
  1573   000033                     	ds	1
  1574   000034                     sprintf@f:
  1575                           	callstack 0
  1576                           
  1577                           ; 11 bytes @ 0x33
  1578   000034                     	ds	11
  1579   00003F                     formatNum@buffer:
  1580                           	callstack 0
  1581   00003F                     ??_haltReset:
  1582                           
  1583                           ; 1 bytes @ 0x3E
  1584   00003F                     	ds	1
  1585   000040                     formatNum@value:
  1586                           	callstack 0
  1587   000040                     haltReset@msg:
  1588                           	callstack 0
  1589                           
  1590                           ; 17 bytes @ 0x3F
  1591   000040                     	ds	2
  1592   000042                     formatNum@whole:
  1593                           	callstack 0
  1594   000042                     
  1595                           ; 1 bytes @ 0x41
  1596   000042                     	ds	2
  1597   000044                     formatNum@decimal:
  1598                           	callstack 0
  1599                           
  1600                           ; 2 bytes @ 0x43
  1601   000044                     	ds	13
  1602   000051                     haltReset@i:
  1603                           	callstack 0
  1604                           
  1605                           ; 1 bytes @ 0x50
  1606   000051                     	ds	1
  1607   000052                     haltReset@sec:
  1608                           	callstack 0
  1609                           
  1610                           ; 1 bytes @ 0x51
  1611   000052                     	ds	1
  1612   000053                     ??_main:
  1613                           
  1614                           ; 1 bytes @ 0x52
  1615   000053                     	ds	4
  1616                           
  1617 ;;
  1618 ;;Main: autosize = 0, tempsize = 4, incstack = 0, save=0
  1619 ;;
  1620 ;; *************** function _main *****************
  1621 ;; Defined at:
  1622 ;;		line 165 in file "main.c"
  1623 ;; Parameters:    Size  Location     Type
  1624 ;;		None
  1625 ;; Auto vars:     Size  Location     Type
  1626 ;;  topLine        17   27[BANK0 ] unsigned char [17]
  1627 ;;  botLine        17    0[BANK0 ] unsigned char [17]
  1628 ;;  number         10   17[BANK0 ] unsigned char [10]
  1629 ;;  xG              2   66[BANK0 ] int 
  1630 ;;  zAdc            2   64[BANK0 ] unsigned int 
  1631 ;;  yAdc            2   62[BANK0 ] unsigned int 
  1632 ;;  xAdc            2   60[BANK0 ] unsigned int 
  1633 ;;  oldZ            2   58[BANK0 ] unsigned int 
  1634 ;;  oldY            2   56[BANK0 ] unsigned int 
  1635 ;;  oldX            2   54[BANK0 ] unsigned int 
  1636 ;;  moveAmount      2   52[BANK0 ] unsigned int 
  1637 ;;  xMs2            2   50[BANK0 ] int 
  1638 ;;  zMv             2   48[BANK0 ] unsigned int 
  1639 ;;  yMv             2   46[BANK0 ] unsigned int 
  1640 ;;  xMv             2   44[BANK0 ] unsigned int 
  1641 ;;  zG              2    0        int 
  1642 ;;  yG              2    0        int 
  1643 ;; Return value:  Size  Location     Type
  1644 ;;                  1    wreg      void 
  1645 ;; Registers used:
  1646 ;;		wreg, fsr1l, fsr1h, fsr2l, fsr2h, status,2, status,0, tblptrl, tblptrh, tblptru, prodl, prodh, cstack
  1647 ;; Tracked objects:
  1648 ;;		On entry : 0/0
  1649 ;;		On exit  : 0/0
  1650 ;;		Unchanged: 0/0
  1651 ;; Data sizes:     COMRAM   BANK0   BANK1   BANK2   BANK3   BANK4   BANK5   BANK6   BANK7   BANK8   BANK9  BANK10  BANK1
      +1  BANK12  BANK13  BANK14  BANK15  BANK16  BANK17  BANK18  BANK19  BANK20  BANK21  BANK22  BANK23  BANK24  BANK25  BANK2
      +6  BANK27  BANK28  BANK29  BANK30  BANK31
  1652 ;;      Params:         0       0       0       0       0       0       0       0       0       0       0       0       
      +0       0       0       0       0       0       0       0       0       0       0       0       0       0       0       
      +0       0       0       0       0       0
  1653 ;;      Locals:         0      68       0       0       0       0       0       0       0       0       0       0       
      +0       0       0       0       0       0       0       0       0       0       0       0       0       0       0       
      +0       0       0       0       0       0
  1654 ;;      Temps:          4       0       0       0       0       0       0       0       0       0       0       0       
      +0       0       0       0       0       0       0       0       0       0       0       0       0       0       0       
      +0       0       0       0       0       0
  1655 ;;      Totals:         4      68       0       0       0       0       0       0       0       0       0       0       
      +0       0       0       0       0       0       0       0       0       0       0       0       0       0       0       
      +0       0       0       0       0       0
  1656 ;;Total ram usage:       72 bytes
  1657 ;; Hardware stack levels required when called: 9
  1658 ;; This function calls:
  1659 ;;		___awdiv
  1660 ;;		_abs
  1661 ;;		_adcInit
  1662 ;;		_adcToMv
  1663 ;;		_formatNum
  1664 ;;		_gToMs2
  1665 ;;		_haltReset
  1666 ;;		_iocInit
  1667 ;;		_lcdClear
  1668 ;;		_lcdInit
  1669 ;;		_lcdTextAt
  1670 ;;		_mvToG
  1671 ;;		_readADC
  1672 ;;		_strcat
  1673 ;;		_strcpy
  1674 ;; This function is called by:
  1675 ;;		Startup code after reset
  1676 ;; This function uses a non-reentrant model
  1677 ;;
  1678                           
  1679                           	psect	text0
  1680   0040B2                     __ptext0:
  1681                           	callstack 0
  1682   0040B2                     _main:
  1683                           	callstack 22
  1684   0040B2                     
  1685                           ;main.c: 167:     unsigned int xAdc, yAdc, zAdc;;main.c: 168:     unsigned int xMv, yMv,
      +                           zMv;;main.c: 169:     unsigned int oldX = 0, oldY = 0, oldZ = 0;
  1686   0040B2  0100               	movlb	0	; () banked
  1687   0040B4  6B97               	clrf	(main@oldX+1)& (0+255),b
  1688   0040B6  0E00               	movlw	0
  1689   0040B8  6F96               	movwf	main@oldX& (0+255),b
  1690   0040BA  6B99               	clrf	(main@oldY+1)& (0+255),b
  1691   0040BC  0E00               	movlw	0
  1692   0040BE  6F98               	movwf	main@oldY& (0+255),b
  1693   0040C0  6B9B               	clrf	(main@oldZ+1)& (0+255),b
  1694   0040C2  0E00               	movlw	0
  1695   0040C4  6F9A               	movwf	main@oldZ& (0+255),b
  1696   0040C6                     
  1697                           ; BSR set to: 0
  1698                           ;main.c: 171:     signed int xG;;main.c: 172:     signed int yG;;main.c: 173:     signed
      +                           int zG;;main.c: 174:     signed int xMs2;;main.c: 176:     unsigned int moveAmount;;mai
      +                          n.c: 177:     char topLine[17];;main.c: 178:     char botLine[17];;main.c: 179:     char
      +                           number[10];;main.c: 182:     ANSELB = 0x00;
  1699   0040C6  013A               	movlb	58	; () banked
  1700   0040C8  6B50               	clrf	80,b	;volatile
  1701   0040CA                     
  1702                           ; BSR set to: 58
  1703                           ;main.c: 183:     ANSELD = 0x00;
  1704   0040CA  6B70               	clrf	112,b	;volatile
  1705   0040CC                     
  1706                           ; BSR set to: 58
  1707                           ;main.c: 184:     ANSELC = 0x00;
  1708   0040CC  6B60               	clrf	96,b	;volatile
  1709   0040CE                     
  1710                           ; BSR set to: 58
  1711                           ;main.c: 186:     TRISB = 0x00;
  1712   0040CE  6AC3               	clrf	195,c	;volatile
  1713   0040D0                     
  1714                           ; BSR set to: 58
  1715                           ;main.c: 187:     TRISD = 0x00;
  1716   0040D0  6AC5               	clrf	197,c	;volatile
  1717   0040D2                     
  1718                           ; BSR set to: 58
  1719                           ;main.c: 190:     TRISCbits.TRISC2 = 1;
  1720   0040D2  84C4               	bsf	196,2,c	;volatile
  1721   0040D4                     
  1722                           ; BSR set to: 58
  1723                           ;main.c: 191:     TRISCbits.TRISC3 = 0;
  1724   0040D4  96C4               	bcf	196,3,c	;volatile
  1725   0040D6                     
  1726                           ; BSR set to: 58
  1727                           ;main.c: 194:     LATB = 0x00;
  1728   0040D6  6ABB               	clrf	187,c	;volatile
  1729   0040D8                     
  1730                           ; BSR set to: 58
  1731                           ;main.c: 195:     LATD = 0x00;
  1732   0040D8  6ABD               	clrf	189,c	;volatile
  1733   0040DA                     
  1734                           ; BSR set to: 58
  1735                           ;main.c: 196:     LATCbits.LATC3 = 0;
  1736   0040DA  96BC               	bcf	188,3,c	;volatile
  1737   0040DC                     
  1738                           ; BSR set to: 58
  1739                           ;main.c: 199:     lcdInit();
  1740   0040DC  ECCD  F025         	call	_lcdInit	;wreg free
  1741   0040E0                     
  1742                           ;main.c: 200:     adcInit();
  1743   0040E0  EC5A  F026         	call	_adcInit	;wreg free
  1744   0040E4                     
  1745                           ;main.c: 201:     iocInit();
  1746   0040E4  EC49  F029         	call	_iocInit	;wreg free
  1747   0040E8                     
  1748                           ;main.c: 203:     lcdClear();
  1749   0040E8  EC6A  F029         	call	_lcdClear	;wreg free
  1750   0040EC                     l2344:
  1751                           
  1752                           ;main.c: 207:     {;main.c: 209:         if(stopFlag == 1)
  1753   0040EC  0100               	movlb	0	; () banked
  1754   0040EE  05A6               	decf	_stopFlag& (0+255),w,b	;volatile
  1755   0040F0  A4D8               	btfss	status,2,c
  1756   0040F2  EF7D  F020         	goto	u1451
  1757   0040F6  EF7F  F020         	goto	u1450
  1758   0040FA                     u1451:
  1759   0040FA  EF81  F020         	goto	l2348
  1760   0040FE                     u1450:
  1761   0040FE                     
  1762                           ; BSR set to: 0
  1763                           ;main.c: 210:         {;main.c: 211:             haltReset();
  1764   0040FE  EC76  F024         	call	_haltReset	;wreg free
  1765   004102                     l2348:
  1766                           
  1767                           ;main.c: 215:         xAdc = readADC(0x00);
  1768   004102  0E00               	movlw	0
  1769   004104  ECA4  F028         	call	_readADC
  1770   004108  C001  F09C         	movff	?_readADC,main@xAdc
  1771   00410C  C002  F09D         	movff	?_readADC+1,main@xAdc+1
  1772   004110                     
  1773                           ;main.c: 216:         yAdc = readADC(0x01);
  1774   004110  0E01               	movlw	1
  1775   004112  ECA4  F028         	call	_readADC
  1776   004116  C001  F09E         	movff	?_readADC,main@yAdc
  1777   00411A  C002  F09F         	movff	?_readADC+1,main@yAdc+1
  1778   00411E                     
  1779                           ;main.c: 217:         zAdc = readADC(0x02);
  1780   00411E  0E02               	movlw	2
  1781   004120  ECA4  F028         	call	_readADC
  1782   004124  C001  F0A0         	movff	?_readADC,main@zAdc
  1783   004128  C002  F0A1         	movff	?_readADC+1,main@zAdc+1
  1784   00412C                     
  1785                           ;main.c: 220:         xMv = adcToMv(xAdc);
  1786   00412C  C09C  F01A         	movff	main@xAdc,adcToMv@adc
  1787   004130  C09D  F01B         	movff	main@xAdc+1,adcToMv@adc+1
  1788   004134  ECE1  F027         	call	_adcToMv	;wreg free
  1789   004138  C01A  F08C         	movff	?_adcToMv,main@xMv
  1790   00413C  C01B  F08D         	movff	?_adcToMv+1,main@xMv+1
  1791   004140                     
  1792                           ;main.c: 221:         yMv = adcToMv(yAdc);
  1793   004140  C09E  F01A         	movff	main@yAdc,adcToMv@adc
  1794   004144  C09F  F01B         	movff	main@yAdc+1,adcToMv@adc+1
  1795   004148  ECE1  F027         	call	_adcToMv	;wreg free
  1796   00414C  C01A  F08E         	movff	?_adcToMv,main@yMv
  1797   004150  C01B  F08F         	movff	?_adcToMv+1,main@yMv+1
  1798   004154                     
  1799                           ;main.c: 222:         zMv = adcToMv(zAdc);
  1800   004154  C0A0  F01A         	movff	main@zAdc,adcToMv@adc
  1801   004158  C0A1  F01B         	movff	main@zAdc+1,adcToMv@adc+1
  1802   00415C  ECE1  F027         	call	_adcToMv	;wreg free
  1803   004160  C01A  F090         	movff	?_adcToMv,main@zMv
  1804   004164  C01B  F091         	movff	?_adcToMv+1,main@zMv+1
  1805   004168                     
  1806                           ;main.c: 225:         xG = (signed int)(((signed int)xMv - (signed int)xZero) * 100 / 33
      +                          0);
  1807   004168  0100               	movlb	0	; () banked
  1808   00416A  51A4               	movf	_xZero& (0+255),w,b
  1809   00416C  5D8C               	subwf	main@xMv& (0+255),w,b
  1810   00416E  6E53               	movwf	??_main^0,c
  1811   004170  51A5               	movf	(_xZero+1)& (0+255),w,b
  1812   004172  598D               	subwfb	(main@xMv+1)& (0+255),w,b
  1813   004174  6E54               	movwf	(??_main+1)^0,c
  1814   004176  0E64               	movlw	100
  1815   004178  0253               	mulwf	??_main^0,c
  1816   00417A  006F FFCC  F055    	movff	prodl,??_main+2
  1817   004180  006F FFD0  F056    	movff	prodh,??_main+3
  1818   004186  0254               	mulwf	(??_main+1)^0,c
  1819   004188  50F3               	movf	prodl,w,c
  1820   00418A  2656               	addwf	(??_main+3)^0,f,c
  1821   00418C  C055  F001         	movff	??_main+2,___awdiv@dividend
  1822   004190  C056  F002         	movff	??_main+3,___awdiv@dividend+1
  1823   004194  0E01               	movlw	1
  1824   004196  6E04               	movwf	(___awdiv@divisor+1)^0,c
  1825   004198  0E4A               	movlw	74
  1826   00419A  6E03               	movwf	___awdiv@divisor^0,c
  1827   00419C  ECBB  F023         	call	___awdiv	;wreg free
  1828   0041A0  C001  F0A2         	movff	?___awdiv,main@xG
  1829   0041A4  C002  F0A3         	movff	?___awdiv+1,main@xG+1
  1830   0041A8  C08E  F009         	movff	main@yMv,mvToG@mv
  1831   0041AC  C08F  F00A         	movff	main@yMv+1,mvToG@mv+1
  1832   0041B0  EC4A  F028         	call	_mvToG	;wreg free
  1833   0041B4  C090  F009         	movff	main@zMv,mvToG@mv
  1834   0041B8  C091  F00A         	movff	main@zMv+1,mvToG@mv+1
  1835   0041BC  EC4A  F028         	call	_mvToG	;wreg free
  1836   0041C0                     
  1837                           ;main.c: 230:         xMs2 = abs(gToMs2(xG));
  1838   0041C0  C0A2  F009         	movff	main@xG,gToMs2@gVal
  1839   0041C4  C0A3  F00A         	movff	main@xG+1,gToMs2@gVal+1
  1840   0041C8  EC08  F028         	call	_gToMs2	;wreg free
  1841   0041CC  C009  F00F         	movff	?_gToMs2,abs@a
  1842   0041D0  C00A  F010         	movff	?_gToMs2+1,abs@a+1
  1843   0041D4  ECDB  F028         	call	_abs	;wreg free
  1844   0041D8  C00F  F092         	movff	?_abs,main@xMs2
  1845   0041DC  C010  F093         	movff	?_abs+1,main@xMs2+1
  1846   0041E0                     
  1847                           ;main.c: 233:         moveAmount = abs((int)xAdc - (int)oldX)
  1848   0041E0  0100               	movlb	0	; () banked
  1849   0041E2  5196               	movf	main@oldX& (0+255),w,b
  1850   0041E4  5D9C               	subwf	main@xAdc& (0+255),w,b
  1851   0041E6  6E0F               	movwf	abs@a^0,c
  1852   0041E8  5197               	movf	(main@oldX+1)& (0+255),w,b
  1853   0041EA  599D               	subwfb	(main@xAdc+1)& (0+255),w,b
  1854   0041EC  6E10               	movwf	(abs@a+1)^0,c
  1855   0041EE  ECDB  F028         	call	_abs	;wreg free
  1856   0041F2  C00F  F053         	movff	?_abs,??_main
  1857   0041F6  C010  F054         	movff	?_abs+1,??_main+1
  1858   0041FA  0100               	movlb	0	; () banked
  1859   0041FC  5198               	movf	main@oldY& (0+255),w,b
  1860   0041FE  5D9E               	subwf	main@yAdc& (0+255),w,b
  1861   004200  6E0F               	movwf	abs@a^0,c
  1862   004202  5199               	movf	(main@oldY+1)& (0+255),w,b
  1863   004204  599F               	subwfb	(main@yAdc+1)& (0+255),w,b
  1864   004206  6E10               	movwf	(abs@a+1)^0,c
  1865   004208  ECDB  F028         	call	_abs	;wreg free
  1866   00420C  500F               	movf	?_abs^0,w,c
  1867   00420E  2453               	addwf	??_main^0,w,c
  1868   004210  6E55               	movwf	(??_main+2)^0,c
  1869   004212  5010               	movf	(?_abs+1)^0,w,c
  1870   004214  2054               	addwfc	(??_main+1)^0,w,c
  1871   004216  6E56               	movwf	(??_main+3)^0,c
  1872   004218  0100               	movlb	0	; () banked
  1873   00421A  519A               	movf	main@oldZ& (0+255),w,b
  1874   00421C  5DA0               	subwf	main@zAdc& (0+255),w,b
  1875   00421E  6E0F               	movwf	abs@a^0,c
  1876   004220  519B               	movf	(main@oldZ+1)& (0+255),w,b
  1877   004222  59A1               	subwfb	(main@zAdc+1)& (0+255),w,b
  1878   004224  6E10               	movwf	(abs@a+1)^0,c
  1879   004226  ECDB  F028         	call	_abs	;wreg free
  1880   00422A  500F               	movf	?_abs^0,w,c
  1881   00422C  2455               	addwf	(??_main+2)^0,w,c
  1882   00422E  0100               	movlb	0	; () banked
  1883   004230  6F94               	movwf	main@moveAmount& (0+255),b
  1884   004232  5010               	movf	(?_abs+1)^0,w,c
  1885   004234  2056               	addwfc	(??_main+3)^0,w,c
  1886   004236  6F95               	movwf	(main@moveAmount+1)& (0+255),b
  1887   004238                     
  1888                           ; BSR set to: 0
  1889                           ;main.c: 237:         oldX = xAdc;
  1890   004238  C09C  F096         	movff	main@xAdc,main@oldX
  1891   00423C  C09D  F097         	movff	main@xAdc+1,main@oldX+1
  1892   004240                     
  1893                           ; BSR set to: 0
  1894                           ;main.c: 238:         oldY = yAdc;
  1895   004240  C09E  F098         	movff	main@yAdc,main@oldY
  1896   004244  C09F  F099         	movff	main@yAdc+1,main@oldY+1
  1897   004248                     
  1898                           ; BSR set to: 0
  1899                           ;main.c: 239:         oldZ = zAdc;
  1900   004248  C0A0  F09A         	movff	main@zAdc,main@oldZ
  1901   00424C  C0A1  F09B         	movff	main@zAdc+1,main@oldZ+1
  1902   004250                     
  1903                           ; BSR set to: 0
  1904                           ;main.c: 242:         if(moveAmount > 140)
  1905   004250  5195               	movf	(main@moveAmount+1)& (0+255),w,b
  1906   004252  E109               	bnz	u1460
  1907   004254  0E8D               	movlw	141
  1908   004256  5D94               	subwf	main@moveAmount& (0+255),w,b
  1909   004258  A0D8               	btfss	status,0,c
  1910   00425A  EF31  F021         	goto	u1461
  1911   00425E  EF33  F021         	goto	u1460
  1912   004262                     u1461:
  1913   004262  EF3B  F021         	goto	l2380
  1914   004266                     u1460:
  1915   004266                     
  1916                           ; BSR set to: 0
  1917                           ;main.c: 243:             strcpy(topLine, "Shake           ");
  1918   004266  0E7B               	movlw	low main@topLine
  1919   004268  6E01               	movwf	strcpy@dest^0,c
  1920   00426A  0E24               	movlw	low STR_1
  1921   00426C  6E02               	movwf	strcpy@src^0,c
  1922   00426E  EC6A  F028         	call	_strcpy	;wreg free
  1923   004272  EF6D  F021         	goto	l112
  1924   004276                     l2380:
  1925                           
  1926                           ; BSR set to: 0
  1927   004276  BFA3               	btfsc	(main@xG+1)& (0+255),7,b
  1928   004278  EF47  F021         	goto	u1471
  1929   00427C  51A3               	movf	(main@xG+1)& (0+255),w,b
  1930   00427E  E109               	bnz	u1470
  1931   004280  0E24               	movlw	36
  1932   004282  5DA2               	subwf	main@xG& (0+255),w,b
  1933   004284  A0D8               	btfss	status,0,c
  1934   004286  EF47  F021         	goto	u1471
  1935   00428A  EF49  F021         	goto	u1470
  1936   00428E                     u1471:
  1937   00428E  EF51  F021         	goto	l2384
  1938   004292                     u1470:
  1939   004292                     
  1940                           ; BSR set to: 0
  1941                           ;main.c: 245:             strcpy(topLine, "Tilt_Left       ");
  1942   004292  0E7B               	movlw	low main@topLine
  1943   004294  6E01               	movwf	strcpy@dest^0,c
  1944   004296  0E35               	movlw	low STR_2
  1945   004298  6E02               	movwf	strcpy@src^0,c
  1946   00429A  EC6A  F028         	call	_strcpy	;wreg free
  1947   00429E  EF6D  F021         	goto	l112
  1948   0042A2                     l2384:
  1949                           
  1950                           ; BSR set to: 0
  1951   0042A2  AFA3               	btfss	(main@xG+1)& (0+255),7,b
  1952   0042A4  EF5D  F021         	goto	u1481
  1953   0042A8  0EDD               	movlw	221
  1954   0042AA  5DA2               	subwf	main@xG& (0+255),w,b
  1955   0042AC  0EFF               	movlw	255
  1956   0042AE  59A3               	subwfb	(main@xG+1)& (0+255),w,b
  1957   0042B0  B0D8               	btfsc	status,0,c
  1958   0042B2  EF5D  F021         	goto	u1481
  1959   0042B6  EF5F  F021         	goto	u1480
  1960   0042BA                     u1481:
  1961   0042BA  EF67  F021         	goto	l2388
  1962   0042BE                     u1480:
  1963   0042BE                     
  1964                           ; BSR set to: 0
  1965                           ;main.c: 247:             strcpy(topLine, "Tilt_Right      ");
  1966   0042BE  0E7B               	movlw	low main@topLine
  1967   0042C0  6E01               	movwf	strcpy@dest^0,c
  1968   0042C2  0E57               	movlw	low STR_3
  1969   0042C4  6E02               	movwf	strcpy@src^0,c
  1970   0042C6  EC6A  F028         	call	_strcpy	;wreg free
  1971   0042CA  EF6D  F021         	goto	l112
  1972   0042CE                     l2388:
  1973                           
  1974                           ; BSR set to: 0
  1975                           ;main.c: 249:             strcpy(topLine, "Flat            ");
  1976   0042CE  0E7B               	movlw	low main@topLine
  1977   0042D0  6E01               	movwf	strcpy@dest^0,c
  1978   0042D2  0E13               	movlw	low STR_4
  1979   0042D4  6E02               	movwf	strcpy@src^0,c
  1980   0042D6  EC6A  F028         	call	_strcpy	;wreg free
  1981   0042DA                     l112:
  1982                           
  1983                           ;main.c: 252:         strcpy(botLine, "X:");
  1984   0042DA  0E60               	movlw	low main@botLine
  1985   0042DC  6E01               	movwf	strcpy@dest^0,c
  1986   0042DE  0E99               	movlw	low STR_5
  1987   0042E0  6E02               	movwf	strcpy@src^0,c
  1988   0042E2  EC6A  F028         	call	_strcpy	;wreg free
  1989   0042E6                     
  1990                           ;main.c: 253:         formatNum(number, xMs2);
  1991   0042E6  0E71               	movlw	low main@number
  1992   0042E8  6E3F               	movwf	formatNum@buffer^0,c
  1993   0042EA  C092  F040         	movff	main@xMs2,formatNum@value
  1994   0042EE  C093  F041         	movff	main@xMs2+1,formatNum@value+1
  1995   0042F2  EC7B  F027         	call	_formatNum	;wreg free
  1996   0042F6                     
  1997                           ;main.c: 254:         strcat(botLine, number);
  1998   0042F6  0E60               	movlw	low main@botLine
  1999   0042F8  6E01               	movwf	strcat@dest^0,c
  2000   0042FA  0E71               	movlw	low main@number
  2001   0042FC  6E02               	movwf	strcat@src^0,c
  2002   0042FE  6A03               	clrf	(strcat@src+1)^0,c
  2003   004300  EC98  F026         	call	_strcat	;wreg free
  2004   004304                     
  2005                           ;main.c: 255:         strcat(botLine, " m/s2   ");
  2006   004304  0E60               	movlw	low main@botLine
  2007   004306  6E01               	movwf	strcat@dest^0,c
  2008   004308  0E88               	movlw	low STR_6
  2009   00430A  6E02               	movwf	strcat@src^0,c
  2010   00430C  5002               	movf	strcat@src^0,w,c
  2011   00430E  A4D8               	btfss	status,2,c
  2012   004310  0E20               	movlw	high __smallconst
  2013   004312  6E03               	movwf	(strcat@src+1)^0,c
  2014   004314  EC98  F026         	call	_strcat	;wreg free
  2015   004318                     
  2016                           ;main.c: 258:         lcdTextAt(1, 0, topLine);
  2017   004318  0E00               	movlw	0
  2018   00431A  6E04               	movwf	lcdTextAt@pos^0,c
  2019   00431C  0E7B               	movlw	low main@topLine
  2020   00431E  6E05               	movwf	lcdTextAt@msg^0,c
  2021   004320  6A06               	clrf	(lcdTextAt@msg+1)^0,c
  2022   004322  0E01               	movlw	1
  2023   004324  ECC0  F028         	call	_lcdTextAt
  2024   004328                     
  2025                           ;main.c: 259:         lcdTextAt(2, 0, botLine);
  2026   004328  0E00               	movlw	0
  2027   00432A  6E04               	movwf	lcdTextAt@pos^0,c
  2028   00432C  0E60               	movlw	low main@botLine
  2029   00432E  6E05               	movwf	lcdTextAt@msg^0,c
  2030   004330  6A06               	clrf	(lcdTextAt@msg+1)^0,c
  2031   004332  0E02               	movlw	2
  2032   004334  ECC0  F028         	call	_lcdTextAt
  2033   004338                     
  2034                           ;main.c: 261:         _delay((unsigned long)((300)*(1000000UL/4000.0)));
  2035   004338  0E62               	movlw	98
  2036   00433A  6E53               	movwf	??_main^0,c
  2037   00433C  0E66               	movlw	102
  2038   00433E                     u1497:
  2039   00433E  2EE8               	decfsz	wreg,f,c
  2040   004340  D7FE               	bra	u1497
  2041   004342  2E53               	decfsz	??_main^0,f,c
  2042   004344  D7FC               	bra	u1497
  2043   004346  EF76  F020         	goto	l2344
  2044   00434A  EF57  F020         	goto	start
  2045   00434E                     __end_of_main:
  2046                           	callstack 0
  2047                           
  2048 ;; *************** function _strcpy *****************
  2049 ;; Defined at:
  2050 ;;		line 3 in file "C:\Program Files\Microchip\xc8\v3.10\pic\sources\c99\common\strcpy.c"
  2051 ;; Parameters:    Size  Location     Type
  2052 ;;  dest            1    0[COMRAM] PTR unsigned char 
  2053 ;;		 -> main@botLine(17), main@topLine(17), 
  2054 ;;  src             1    1[COMRAM] PTR const unsigned char 
  2055 ;;		 -> STR_5(3), STR_4(17), STR_3(17), STR_2(17), 
  2056 ;;		 -> STR_1(17), 
  2057 ;; Auto vars:     Size  Location     Type
  2058 ;;  d               1    3[COMRAM] PTR unsigned char 
  2059 ;;		 -> main@botLine(17), main@topLine(17), 
  2060 ;; Return value:  Size  Location     Type
  2061 ;;                  1    0[COMRAM] PTR unsigned char 
  2062 ;; Registers used:
  2063 ;;		wreg, fsr2l, fsr2h, status,2, status,0, tblptrl, tblptrh, tblptru
  2064 ;; Tracked objects:
  2065 ;;		On entry : 0/0
  2066 ;;		On exit  : 0/0
  2067 ;;		Unchanged: 0/0
  2068 ;; Data sizes:     COMRAM   BANK0   BANK1   BANK2   BANK3   BANK4   BANK5   BANK6   BANK7   BANK8   BANK9  BANK10  BANK1
      +1  BANK12  BANK13  BANK14  BANK15  BANK16  BANK17  BANK18  BANK19  BANK20  BANK21  BANK22  BANK23  BANK24  BANK25  BANK2
      +6  BANK27  BANK28  BANK29  BANK30  BANK31
  2069 ;;      Params:         2       0       0       0       0       0       0       0       0       0       0       0       
      +0       0       0       0       0       0       0       0       0       0       0       0       0       0       0       
      +0       0       0       0       0       0
  2070 ;;      Locals:         1       0       0       0       0       0       0       0       0       0       0       0       
      +0       0       0       0       0       0       0       0       0       0       0       0       0       0       0       
      +0       0       0       0       0       0
  2071 ;;      Temps:          1       0       0       0       0       0       0       0       0       0       0       0       
      +0       0       0       0       0       0       0       0       0       0       0       0       0       0       0       
      +0       0       0       0       0       0
  2072 ;;      Totals:         4       0       0       0       0       0       0       0       0       0       0       0       
      +0       0       0       0       0       0       0       0       0       0       0       0       0       0       0       
      +0       0       0       0       0       0
  2073 ;;Total ram usage:        4 bytes
  2074 ;; Hardware stack levels used: 1
  2075 ;; Hardware stack levels required when called: 1
  2076 ;; This function calls:
  2077 ;;		Nothing
  2078 ;; This function is called by:
  2079 ;;		_main
  2080 ;; This function uses a non-reentrant model
  2081 ;;
  2082                           
  2083                           	psect	text1
  2084   0050D4                     __ptext1:
  2085                           	callstack 0
  2086   0050D4                     _strcpy:
  2087                           	callstack 29
  2088   0050D4  C001  F004         	movff	strcpy@dest,strcpy@d
  2089   0050D8                     l2284:
  2090   0050D8  2A02               	incf	strcpy@src^0,f,c
  2091   0050DA  0402               	decf	strcpy@src^0,w,c
  2092   0050DC  6E03               	movwf	??_strcpy^0,c
  2093   0050DE  0060  F00F  FFF6   	movff	??_strcpy,tblptrl
  2094   0050E4                     	if	1	;There is more than 1 active tblptr byte
  2095   0050E4  0E20               	movlw	high __smallconst
  2096   0050E6  6EF7               	movwf	tblptrh,c
  2097   0050E8                     	endif
  2098   0050E8                     	if	0	;tblptru may be non-zero
  2099   0050E8                     	endif
  2100   0050E8                     	if	1	;Program memory is > 0xFFFF, there are 3 active tblptr bytes
  2101   0050E8  0E00               	movlw	low (__smallconst shr (0+16))
  2102   0050EA  6EF8               	movwf	tblptru,c
  2103   0050EC                     	endif
  2104   0050EC  2A04               	incf	strcpy@d^0,f,c
  2105   0050EE  0404               	decf	strcpy@d^0,w,c
  2106   0050F0  6ED9               	movwf	fsr2l,c
  2107   0050F2  6ADA               	clrf	fsr2h,c
  2108   0050F4  0008               	tblrd		*
  2109   0050F6  006F FFD7 FFDF     	movff	tablat,indf2
  2110   0050FC  50DF               	movf	indf2,w,c
  2111   0050FE  A4D8               	btfss	status,2,c
  2112   005100  EF84  F028         	goto	u1391
  2113   005104  EF86  F028         	goto	u1390
  2114   005108                     u1391:
  2115   005108  EF6C  F028         	goto	l2284
  2116   00510C                     u1390:
  2117   00510C  0012               	return		;funcret
  2118   00510E                     __end_of_strcpy:
  2119                           	callstack 0
  2120                           
  2121 ;; *************** function _strcat *****************
  2122 ;; Defined at:
  2123 ;;		line 3 in file "C:\Program Files\Microchip\xc8\v3.10\pic\sources\c99\common\strcat.c"
  2124 ;; Parameters:    Size  Location     Type
  2125 ;;  dest            1    0[COMRAM] PTR unsigned char 
  2126 ;;		 -> main@botLine(17), 
  2127 ;;  src             2    1[COMRAM] PTR const unsigned char 
  2128 ;;		 -> STR_6(9), main@number(10), 
  2129 ;; Auto vars:     Size  Location     Type
  2130 ;;  i               2    3[COMRAM] unsigned int 
  2131 ;; Return value:  Size  Location     Type
  2132 ;;                  1    0[COMRAM] PTR unsigned char 
  2133 ;; Registers used:
  2134 ;;		wreg, fsr1l, fsr1h, fsr2l, fsr2h, status,2, status,0, tblptrl, tblptrh, tblptru
  2135 ;; Tracked objects:
  2136 ;;		On entry : 0/0
  2137 ;;		On exit  : 0/0
  2138 ;;		Unchanged: 0/0
  2139 ;; Data sizes:     COMRAM   BANK0   BANK1   BANK2   BANK3   BANK4   BANK5   BANK6   BANK7   BANK8   BANK9  BANK10  BANK1
      +1  BANK12  BANK13  BANK14  BANK15  BANK16  BANK17  BANK18  BANK19  BANK20  BANK21  BANK22  BANK23  BANK24  BANK25  BANK2
      +6  BANK27  BANK28  BANK29  BANK30  BANK31
  2140 ;;      Params:         3       0       0       0       0       0       0       0       0       0       0       0       
      +0       0       0       0       0       0       0       0       0       0       0       0       0       0       0       
      +0       0       0       0       0       0
  2141 ;;      Locals:         2       0       0       0       0       0       0       0       0       0       0       0       
      +0       0       0       0       0       0       0       0       0       0       0       0       0       0       0       
      +0       0       0       0       0       0
  2142 ;;      Temps:          0       0       0       0       0       0       0       0       0       0       0       0       
      +0       0       0       0       0       0       0       0       0       0       0       0       0       0       0       
      +0       0       0       0       0       0
  2143 ;;      Totals:         5       0       0       0       0       0       0       0       0       0       0       0       
      +0       0       0       0       0       0       0       0       0       0       0       0       0       0       0       
      +0       0       0       0       0       0
  2144 ;;Total ram usage:        5 bytes
  2145 ;; Hardware stack levels used: 1
  2146 ;; Hardware stack levels required when called: 1
  2147 ;; This function calls:
  2148 ;;		Nothing
  2149 ;; This function is called by:
  2150 ;;		_main
  2151 ;; This function uses a non-reentrant model
  2152 ;;
  2153                           
  2154                           	psect	text2
  2155   004D30                     __ptext2:
  2156                           	callstack 0
  2157   004D30                     _strcat:
  2158                           	callstack 29
  2159   004D30  6A05               	clrf	(strcat@i+1)^0,c
  2160   004D32  0E00               	movlw	0
  2161   004D34  6E04               	movwf	strcat@i^0,c
  2162   004D36  EF9F  F026         	goto	l2300
  2163   004D3A                     l2298:
  2164   004D3A  4A04               	infsnz	strcat@i^0,f,c
  2165   004D3C  2A05               	incf	(strcat@i+1)^0,f,c
  2166   004D3E                     l2300:
  2167   004D3E  5001               	movf	strcat@dest^0,w,c
  2168   004D40  2404               	addwf	strcat@i^0,w,c
  2169   004D42  6ED9               	movwf	fsr2l,c
  2170   004D44  6ADA               	clrf	fsr2h,c
  2171   004D46  50DF               	movf	indf2,w,c
  2172   004D48  A4D8               	btfss	status,2,c
  2173   004D4A  EFA9  F026         	goto	u1411
  2174   004D4E  EFAB  F026         	goto	u1410
  2175   004D52                     u1411:
  2176   004D52  EF9D  F026         	goto	l2298
  2177   004D56                     u1410:
  2178   004D56  EFB1  F026         	goto	l2304
  2179   004D5A                     l2302:
  2180   004D5A  4A04               	infsnz	strcat@i^0,f,c
  2181   004D5C  2A05               	incf	(strcat@i+1)^0,f,c
  2182   004D5E  4A02               	infsnz	strcat@src^0,f,c
  2183   004D60  2A03               	incf	(strcat@src+1)^0,f,c
  2184   004D62                     l2304:
  2185   004D62  0060  F00B  FFF6   	movff	strcat@src,tblptrl
  2186   004D68  0060  F00F  FFF7   	movff	strcat@src+1,tblptrh
  2187   004D6E  0E00               	movlw	low (__smallconst shr (0+16))
  2188   004D70  6EF8               	movwf	tblptru,c
  2189   004D72  5001               	movf	strcat@dest^0,w,c
  2190   004D74  2404               	addwf	strcat@i^0,w,c
  2191   004D76  6ED9               	movwf	fsr2l,c
  2192   004D78  6ADA               	clrf	fsr2h,c
  2193   004D7A  0E1F               	movlw	(high __ramtop+-1)
  2194   004D7C  64F7               	cpfsgt	tblptrh,c
  2195   004D7E  D003               	bra	u1427
  2196   004D80  0008               	tblrd		*
  2197   004D82  50F5               	movf	tablat,w,c
  2198   004D84  D007               	bra	u1420
  2199   004D86                     u1427:
  2200   004D86  006F FFDB FFE1     	movff	tblptrl,fsr1l
  2201   004D8C  006F FFDF FFE2     	movff	tblptrh,fsr1h
  2202   004D92  50E7               	movf	indf1,w,c
  2203   004D94                     u1420:
  2204   004D94  6EDF               	movwf	indf2,c
  2205   004D96  50DF               	movf	indf2,w,c
  2206   004D98  A4D8               	btfss	status,2,c
  2207   004D9A  EFD1  F026         	goto	u1431
  2208   004D9E  EFD3  F026         	goto	u1430
  2209   004DA2                     u1431:
  2210   004DA2  EFAD  F026         	goto	l2302
  2211   004DA6                     u1430:
  2212   004DA6  0012               	return		;funcret
  2213   004DA8                     __end_of_strcat:
  2214                           	callstack 0
  2215                           
  2216 ;; *************** function _mvToG *****************
  2217 ;; Defined at:
  2218 ;;		line 409 in file "main.c"
  2219 ;; Parameters:    Size  Location     Type
  2220 ;;  mv              2    8[COMRAM] unsigned int 
  2221 ;; Auto vars:     Size  Location     Type
  2222 ;;  diff            2   12[COMRAM] int 
  2223 ;; Return value:  Size  Location     Type
  2224 ;;                  2    8[COMRAM] int 
  2225 ;; Registers used:
  2226 ;;		wreg, status,2, status,0, prodl, prodh, cstack
  2227 ;; Tracked objects:
  2228 ;;		On entry : 0/0
  2229 ;;		On exit  : 0/0
  2230 ;;		Unchanged: 0/0
  2231 ;; Data sizes:     COMRAM   BANK0   BANK1   BANK2   BANK3   BANK4   BANK5   BANK6   BANK7   BANK8   BANK9  BANK10  BANK1
      +1  BANK12  BANK13  BANK14  BANK15  BANK16  BANK17  BANK18  BANK19  BANK20  BANK21  BANK22  BANK23  BANK24  BANK25  BANK2
      +6  BANK27  BANK28  BANK29  BANK30  BANK31
  2232 ;;      Params:         2       0       0       0       0       0       0       0       0       0       0       0       
      +0       0       0       0       0       0       0       0       0       0       0       0       0       0       0       
      +0       0       0       0       0       0
  2233 ;;      Locals:         2       0       0       0       0       0       0       0       0       0       0       0       
      +0       0       0       0       0       0       0       0       0       0       0       0       0       0       0       
      +0       0       0       0       0       0
  2234 ;;      Temps:          2       0       0       0       0       0       0       0       0       0       0       0       
      +0       0       0       0       0       0       0       0       0       0       0       0       0       0       0       
      +0       0       0       0       0       0
  2235 ;;      Totals:         6       0       0       0       0       0       0       0       0       0       0       0       
      +0       0       0       0       0       0       0       0       0       0       0       0       0       0       0       
      +0       0       0       0       0       0
  2236 ;;Total ram usage:        6 bytes
  2237 ;; Hardware stack levels used: 1
  2238 ;; Hardware stack levels required when called: 2
  2239 ;; This function calls:
  2240 ;;		___awdiv
  2241 ;; This function is called by:
  2242 ;;		_main
  2243 ;; This function uses a non-reentrant model
  2244 ;;
  2245                           
  2246                           	psect	text3
  2247   005094                     __ptext3:
  2248                           	callstack 0
  2249   005094                     _mvToG:
  2250                           	callstack 28
  2251   005094                     
  2252                           ;main.c: 409: signed int mvToG(unsigned int mv);main.c: 410: {;main.c: 411:     signed i
      +                          nt diff;;main.c: 413:     diff = (signed int)mv - 1650;
  2253   005094  0E8E               	movlw	142
  2254   005096  2409               	addwf	mvToG@mv^0,w,c
  2255   005098  6E0D               	movwf	mvToG@diff^0,c
  2256   00509A  0EF9               	movlw	249
  2257   00509C  200A               	addwfc	(mvToG@mv+1)^0,w,c
  2258   00509E  6E0E               	movwf	(mvToG@diff+1)^0,c
  2259   0050A0                     
  2260                           ;main.c: 415:     return (signed int)((diff * 100) / 330);
  2261   0050A0  0E64               	movlw	100
  2262   0050A2  020D               	mulwf	mvToG@diff^0,c
  2263   0050A4  006F FFCC  F00B    	movff	prodl,??_mvToG
  2264   0050AA  006F FFD0  F00C    	movff	prodh,??_mvToG+1
  2265   0050B0  020E               	mulwf	(mvToG@diff+1)^0,c
  2266   0050B2  50F3               	movf	prodl,w,c
  2267   0050B4  260C               	addwf	(??_mvToG+1)^0,f,c
  2268   0050B6  C00B  F001         	movff	??_mvToG,___awdiv@dividend
  2269   0050BA  C00C  F002         	movff	??_mvToG+1,___awdiv@dividend+1
  2270   0050BE  0E01               	movlw	1
  2271   0050C0  6E04               	movwf	(___awdiv@divisor+1)^0,c
  2272   0050C2  0E4A               	movlw	74
  2273   0050C4  6E03               	movwf	___awdiv@divisor^0,c
  2274   0050C6  ECBB  F023         	call	___awdiv	;wreg free
  2275   0050CA  C001  F009         	movff	?___awdiv,?_mvToG
  2276   0050CE  C002  F00A         	movff	?___awdiv+1,?_mvToG+1
  2277   0050D2  0012               	return		;funcret
  2278   0050D4                     __end_of_mvToG:
  2279                           	callstack 0
  2280                           
  2281 ;; *************** function _lcdInit *****************
  2282 ;; Defined at:
  2283 ;;		line 448 in file "main.c"
  2284 ;; Parameters:    Size  Location     Type
  2285 ;;		None
  2286 ;; Auto vars:     Size  Location     Type
  2287 ;;		None
  2288 ;; Return value:  Size  Location     Type
  2289 ;;                  1    wreg      void 
  2290 ;; Registers used:
  2291 ;;		wreg, status,2, cstack
  2292 ;; Tracked objects:
  2293 ;;		On entry : 0/0
  2294 ;;		On exit  : 0/0
  2295 ;;		Unchanged: 0/0
  2296 ;; Data sizes:     COMRAM   BANK0   BANK1   BANK2   BANK3   BANK4   BANK5   BANK6   BANK7   BANK8   BANK9  BANK10  BANK1
      +1  BANK12  BANK13  BANK14  BANK15  BANK16  BANK17  BANK18  BANK19  BANK20  BANK21  BANK22  BANK23  BANK24  BANK25  BANK2
      +6  BANK27  BANK28  BANK29  BANK30  BANK31
  2297 ;;      Params:         0       0       0       0       0       0       0       0       0       0       0       0       
      +0       0       0       0       0       0       0       0       0       0       0       0       0       0       0       
      +0       0       0       0       0       0
  2298 ;;      Locals:         0       0       0       0       0       0       0       0       0       0       0       0       
      +0       0       0       0       0       0       0       0       0       0       0       0       0       0       0       
      +0       0       0       0       0       0
  2299 ;;      Temps:          1       0       0       0       0       0       0       0       0       0       0       0       
      +0       0       0       0       0       0       0       0       0       0       0       0       0       0       0       
      +0       0       0       0       0       0
  2300 ;;      Totals:         1       0       0       0       0       0       0       0       0       0       0       0       
      +0       0       0       0       0       0       0       0       0       0       0       0       0       0       0       
      +0       0       0       0       0       0
  2301 ;;Total ram usage:        1 bytes
  2302 ;; Hardware stack levels used: 1
  2303 ;; Hardware stack levels required when called: 2
  2304 ;; This function calls:
  2305 ;;		_lcdCmd
  2306 ;; This function is called by:
  2307 ;;		_main
  2308 ;; This function uses a non-reentrant model
  2309 ;;
  2310                           
  2311                           	psect	text4
  2312   004B9A                     __ptext4:
  2313                           	callstack 0
  2314   004B9A                     _lcdInit:
  2315                           	callstack 28
  2316   004B9A                     
  2317                           ;main.c: 450:     _delay((unsigned long)((500)*(1000000UL/4000.0)));
  2318   004B9A  0EA3               	movlw	163
  2319   004B9C  6E02               	movwf	??_lcdInit^0,c
  2320   004B9E  0E55               	movlw	85
  2321   004BA0                     u1507:
  2322   004BA0  2EE8               	decfsz	wreg,f,c
  2323   004BA2  D7FE               	bra	u1507
  2324   004BA4  2E02               	decfsz	??_lcdInit^0,f,c
  2325   004BA6  D7FC               	bra	u1507
  2326   004BA8  0000               	nop	
  2327   004BAA                     
  2328                           ;main.c: 452:     lcdCmd(0x38);
  2329   004BAA  0E38               	movlw	56
  2330   004BAC  EC35  F029         	call	_lcdCmd
  2331   004BB0                     
  2332                           ;main.c: 453:     _delay((unsigned long)((20)*(1000000UL/4000.0)));
  2333   004BB0  0E07               	movlw	7
  2334   004BB2  6E02               	movwf	??_lcdInit^0,c
  2335   004BB4  0E7D               	movlw	125
  2336   004BB6                     u1517:
  2337   004BB6  2EE8               	decfsz	wreg,f,c
  2338   004BB8  D7FE               	bra	u1517
  2339   004BBA  2E02               	decfsz	??_lcdInit^0,f,c
  2340   004BBC  D7FC               	bra	u1517
  2341   004BBE  0000               	nop	
  2342                           
  2343                           ;main.c: 455:     lcdCmd(0x38);
  2344   004BC0  0E38               	movlw	56
  2345   004BC2  EC35  F029         	call	_lcdCmd
  2346   004BC6                     
  2347                           ;main.c: 456:     _delay((unsigned long)((20)*(1000000UL/4000.0)));
  2348   004BC6  0E07               	movlw	7
  2349   004BC8  6E02               	movwf	??_lcdInit^0,c
  2350   004BCA  0E7D               	movlw	125
  2351   004BCC                     u1527:
  2352   004BCC  2EE8               	decfsz	wreg,f,c
  2353   004BCE  D7FE               	bra	u1527
  2354   004BD0  2E02               	decfsz	??_lcdInit^0,f,c
  2355   004BD2  D7FC               	bra	u1527
  2356   004BD4  0000               	nop	
  2357   004BD6                     
  2358                           ;main.c: 458:     lcdCmd(0x38);
  2359   004BD6  0E38               	movlw	56
  2360   004BD8  EC35  F029         	call	_lcdCmd
  2361                           
  2362                           ;main.c: 459:     _delay((unsigned long)((20)*(1000000UL/4000.0)));
  2363   004BDC  0E07               	movlw	7
  2364   004BDE  6E02               	movwf	??_lcdInit^0,c
  2365   004BE0  0E7D               	movlw	125
  2366   004BE2                     u1537:
  2367   004BE2  2EE8               	decfsz	wreg,f,c
  2368   004BE4  D7FE               	bra	u1537
  2369   004BE6  2E02               	decfsz	??_lcdInit^0,f,c
  2370   004BE8  D7FC               	bra	u1537
  2371   004BEA  0000               	nop	
  2372   004BEC                     
  2373                           ;main.c: 461:     lcdCmd(0x0C);
  2374   004BEC  0E0C               	movlw	12
  2375   004BEE  EC35  F029         	call	_lcdCmd
  2376   004BF2                     
  2377                           ;main.c: 462:     _delay((unsigned long)((20)*(1000000UL/4000.0)));
  2378   004BF2  0E07               	movlw	7
  2379   004BF4  6E02               	movwf	??_lcdInit^0,c
  2380   004BF6  0E7D               	movlw	125
  2381   004BF8                     u1547:
  2382   004BF8  2EE8               	decfsz	wreg,f,c
  2383   004BFA  D7FE               	bra	u1547
  2384   004BFC  2E02               	decfsz	??_lcdInit^0,f,c
  2385   004BFE  D7FC               	bra	u1547
  2386   004C00  0000               	nop	
  2387                           
  2388                           ;main.c: 464:     lcdCmd(0x06);
  2389   004C02  0E06               	movlw	6
  2390   004C04  EC35  F029         	call	_lcdCmd
  2391   004C08                     
  2392                           ;main.c: 465:     _delay((unsigned long)((20)*(1000000UL/4000.0)));
  2393   004C08  0E07               	movlw	7
  2394   004C0A  6E02               	movwf	??_lcdInit^0,c
  2395   004C0C  0E7D               	movlw	125
  2396   004C0E                     u1557:
  2397   004C0E  2EE8               	decfsz	wreg,f,c
  2398   004C10  D7FE               	bra	u1557
  2399   004C12  2E02               	decfsz	??_lcdInit^0,f,c
  2400   004C14  D7FC               	bra	u1557
  2401   004C16  0000               	nop	
  2402   004C18                     
  2403                           ;main.c: 467:     lcdCmd(0x01);
  2404   004C18  0E01               	movlw	1
  2405   004C1A  EC35  F029         	call	_lcdCmd
  2406                           
  2407                           ;main.c: 468:     _delay((unsigned long)((20)*(1000000UL/4000.0)));
  2408   004C1E  0E07               	movlw	7
  2409   004C20  6E02               	movwf	??_lcdInit^0,c
  2410   004C22  0E7D               	movlw	125
  2411   004C24                     u1567:
  2412   004C24  2EE8               	decfsz	wreg,f,c
  2413   004C26  D7FE               	bra	u1567
  2414   004C28  2E02               	decfsz	??_lcdInit^0,f,c
  2415   004C2A  D7FC               	bra	u1567
  2416   004C2C  0000               	nop	
  2417   004C2E  0012               	return		;funcret
  2418   004C30                     __end_of_lcdInit:
  2419                           	callstack 0
  2420                           
  2421 ;; *************** function _iocInit *****************
  2422 ;; Defined at:
  2423 ;;		line 269 in file "main.c"
  2424 ;; Parameters:    Size  Location     Type
  2425 ;;		None
  2426 ;; Auto vars:     Size  Location     Type
  2427 ;;		None
  2428 ;; Return value:  Size  Location     Type
  2429 ;;                  1    wreg      void 
  2430 ;; Registers used:
  2431 ;;		None
  2432 ;; Tracked objects:
  2433 ;;		On entry : 0/0
  2434 ;;		On exit  : 0/0
  2435 ;;		Unchanged: 0/0
  2436 ;; Data sizes:     COMRAM   BANK0   BANK1   BANK2   BANK3   BANK4   BANK5   BANK6   BANK7   BANK8   BANK9  BANK10  BANK1
      +1  BANK12  BANK13  BANK14  BANK15  BANK16  BANK17  BANK18  BANK19  BANK20  BANK21  BANK22  BANK23  BANK24  BANK25  BANK2
      +6  BANK27  BANK28  BANK29  BANK30  BANK31
  2437 ;;      Params:         0       0       0       0       0       0       0       0       0       0       0       0       
      +0       0       0       0       0       0       0       0       0       0       0       0       0       0       0       
      +0       0       0       0       0       0
  2438 ;;      Locals:         0       0       0       0       0       0       0       0       0       0       0       0       
      +0       0       0       0       0       0       0       0       0       0       0       0       0       0       0       
      +0       0       0       0       0       0
  2439 ;;      Temps:          0       0       0       0       0       0       0       0       0       0       0       0       
      +0       0       0       0       0       0       0       0       0       0       0       0       0       0       0       
      +0       0       0       0       0       0
  2440 ;;      Totals:         0       0       0       0       0       0       0       0       0       0       0       0       
      +0       0       0       0       0       0       0       0       0       0       0       0       0       0       0       
      +0       0       0       0       0       0
  2441 ;;Total ram usage:        0 bytes
  2442 ;; Hardware stack levels used: 1
  2443 ;; Hardware stack levels required when called: 1
  2444 ;; This function calls:
  2445 ;;		Nothing
  2446 ;; This function is called by:
  2447 ;;		_main
  2448 ;; This function uses a non-reentrant model
  2449 ;;
  2450                           
  2451                           	psect	text5
  2452   005292                     __ptext5:
  2453                           	callstack 0
  2454   005292                     _iocInit:
  2455                           	callstack 29
  2456   005292                     
  2457                           ;main.c: 272:     TRISCbits.TRISC2 = 1;
  2458   005292  84C4               	bsf	196,2,c	;volatile
  2459                           
  2460                           ;main.c: 273:     ANSELCbits.ANSELC2 = 0;
  2461   005294  013A               	movlb	58	; () banked
  2462   005296  9560               	bcf	96,2,b	;volatile
  2463                           
  2464                           ;main.c: 274:     WPUCbits.WPUC2 = 1;
  2465   005298  8561               	bsf	97,2,b	;volatile
  2466                           
  2467                           ;main.c: 277:     TRISCbits.TRISC3 = 0;
  2468   00529A  96C4               	bcf	196,3,c	;volatile
  2469                           
  2470                           ;main.c: 278:     ANSELCbits.ANSELC3 = 0;
  2471   00529C  9760               	bcf	96,3,b	;volatile
  2472                           
  2473                           ;main.c: 279:     LATCbits.LATC3 = 0;
  2474   00529E  96BC               	bcf	188,3,c	;volatile
  2475                           
  2476                           ;main.c: 282:     IOCCPbits.IOCCP2 = 0;
  2477   0052A0  9565               	bcf	101,2,b	;volatile
  2478                           
  2479                           ;main.c: 283:     IOCCNbits.IOCCN2 = 1;
  2480   0052A2  8566               	bsf	102,2,b	;volatile
  2481                           
  2482                           ;main.c: 284:     IOCCFbits.IOCCF2 = 0;
  2483   0052A4  9567               	bcf	103,2,b	;volatile
  2484                           
  2485                           ;main.c: 287:     PIR0bits.IOCIF = 0;
  2486   0052A6  0139               	movlb	57	; () banked
  2487   0052A8  9FA0               	bcf	160,7,b	;volatile
  2488                           
  2489                           ;main.c: 288:     PIE0bits.IOCIE = 1;
  2490   0052AA  8F90               	bsf	144,7,b	;volatile
  2491                           
  2492                           ;main.c: 291:     INTCON0bits.IPEN = 1;
  2493   0052AC  8AD2               	bsf	210,5,c	;volatile
  2494                           
  2495                           ;main.c: 292:     INTCON0bits.GIEH = 1;
  2496   0052AE  8ED2               	bsf	210,7,c	;volatile
  2497                           
  2498                           ;main.c: 293:     INTCON0bits.GIEL = 1;
  2499   0052B0  8CD2               	bsf	210,6,c	;volatile
  2500   0052B2                     
  2501                           ; BSR set to: 57
  2502   0052B2  0012               	return		;funcret
  2503   0052B4                     __end_of_iocInit:
  2504                           	callstack 0
  2505                           
  2506 ;; *************** function _haltReset *****************
  2507 ;; Defined at:
  2508 ;;		line 300 in file "main.c"
  2509 ;; Parameters:    Size  Location     Type
  2510 ;;		None
  2511 ;; Auto vars:     Size  Location     Type
  2512 ;;  msg            17   63[COMRAM] unsigned char [17]
  2513 ;;  sec             1   81[COMRAM] unsigned char 
  2514 ;;  i               1   80[COMRAM] unsigned char 
  2515 ;; Return value:  Size  Location     Type
  2516 ;;                  1    wreg      void 
  2517 ;; Registers used:
  2518 ;;		wreg, fsr1l, fsr1h, fsr2l, fsr2h, status,2, status,0, tblptrl, tblptrh, tblptru, prodl, prodh, cstack
  2519 ;; Tracked objects:
  2520 ;;		On entry : 0/0
  2521 ;;		On exit  : 0/0
  2522 ;;		Unchanged: 0/0
  2523 ;; Data sizes:     COMRAM   BANK0   BANK1   BANK2   BANK3   BANK4   BANK5   BANK6   BANK7   BANK8   BANK9  BANK10  BANK1
      +1  BANK12  BANK13  BANK14  BANK15  BANK16  BANK17  BANK18  BANK19  BANK20  BANK21  BANK22  BANK23  BANK24  BANK25  BANK2
      +6  BANK27  BANK28  BANK29  BANK30  BANK31
  2524 ;;      Params:         0       0       0       0       0       0       0       0       0       0       0       0       
      +0       0       0       0       0       0       0       0       0       0       0       0       0       0       0       
      +0       0       0       0       0       0
  2525 ;;      Locals:        19       0       0       0       0       0       0       0       0       0       0       0       
      +0       0       0       0       0       0       0       0       0       0       0       0       0       0       0       
      +0       0       0       0       0       0
  2526 ;;      Temps:          1       0       0       0       0       0       0       0       0       0       0       0       
      +0       0       0       0       0       0       0       0       0       0       0       0       0       0       0       
      +0       0       0       0       0       0
  2527 ;;      Totals:        20       0       0       0       0       0       0       0       0       0       0       0       
      +0       0       0       0       0       0       0       0       0       0       0       0       0       0       0       
      +0       0       0       0       0       0
  2528 ;;Total ram usage:       20 bytes
  2529 ;; Hardware stack levels used: 1
  2530 ;; Hardware stack levels required when called: 2
  2531 ;; This function calls:
  2532 ;;		_lcdClear
  2533 ;;		_lcdTextAt
  2534 ;;		_sprintf
  2535 ;; This function is called by:
  2536 ;;		_main
  2537 ;; This function uses a non-reentrant model
  2538 ;;
  2539                           
  2540                           	psect	text6
  2541   0048EC                     __ptext6:
  2542                           	callstack 0
  2543   0048EC                     _haltReset:
  2544                           	callstack 28
  2545   0048EC                     
  2546                           ;main.c: 302:     unsigned char sec;;main.c: 303:     unsigned char i;;main.c: 304:     
      +                          char msg[17];;main.c: 306:     lcdClear();
  2547   0048EC  EC6A  F029         	call	_lcdClear	;wreg free
  2548   0048F0                     
  2549                           ;main.c: 307:     lcdTextAt(1, 0, "HALT State      ");
  2550   0048F0  0E00               	movlw	0
  2551   0048F2  6E04               	movwf	lcdTextAt@pos^0,c
  2552   0048F4  0E46               	movlw	low STR_7
  2553   0048F6  6E05               	movwf	lcdTextAt@msg^0,c
  2554   0048F8  5005               	movf	lcdTextAt@msg^0,w,c
  2555   0048FA  A4D8               	btfss	status,2,c
  2556   0048FC  0E20               	movlw	high __smallconst
  2557   0048FE  6E06               	movwf	(lcdTextAt@msg+1)^0,c
  2558   004900  0E01               	movlw	1
  2559   004902  ECC0  F028         	call	_lcdTextAt
  2560   004906                     
  2561                           ;main.c: 310:     for(sec = 10; sec > 0; sec--)
  2562   004906  0E0A               	movlw	10
  2563   004908  6E52               	movwf	haltReset@sec^0,c
  2564   00490A                     l2246:
  2565                           
  2566                           ;main.c: 311:     {;main.c: 312:         sprintf(msg, "Reset in %2u sec ", sec);
  2567   00490A  0E40               	movlw	low haltReset@msg
  2568   00490C  6E2D               	movwf	sprintf@s^0,c
  2569   00490E  0E01               	movlw	low STR_8
  2570   004910  6E2E               	movwf	sprintf@fmt^0,c
  2571   004912  C052  F02F         	movff	haltReset@sec,?_sprintf+2
  2572   004916  6A30               	clrf	(?_sprintf+3)^0,c
  2573   004918  ECF5  F028         	call	_sprintf	;wreg free
  2574   00491C                     
  2575                           ;main.c: 313:         lcdTextAt(2, 0, msg);
  2576   00491C  0E00               	movlw	0
  2577   00491E  6E04               	movwf	lcdTextAt@pos^0,c
  2578   004920  0E40               	movlw	low haltReset@msg
  2579   004922  6E05               	movwf	lcdTextAt@msg^0,c
  2580   004924  6A06               	clrf	(lcdTextAt@msg+1)^0,c
  2581   004926  0E02               	movlw	2
  2582   004928  ECC0  F028         	call	_lcdTextAt
  2583   00492C                     
  2584                           ;main.c: 316:         for(i = 0; i < 2; i++)
  2585   00492C  6A51               	clrf	haltReset@i^0,c
  2586   00492E                     l127:
  2587                           
  2588                           ;main.c: 317:         {;main.c: 318:             LATCbits.LATC3 = 1;
  2589   00492E  86BC               	bsf	188,3,c	;volatile
  2590   004930                     
  2591                           ;main.c: 319:             _delay((unsigned long)((250)*(1000000UL/4000.0)));
  2592   004930  0E52               	movlw	82
  2593   004932  6E3F               	movwf	??_haltReset^0,c
  2594   004934  0E2A               	movlw	42
  2595   004936                     u1577:
  2596   004936  2EE8               	decfsz	wreg,f,c
  2597   004938  D7FE               	bra	u1577
  2598   00493A  2E3F               	decfsz	??_haltReset^0,f,c
  2599   00493C  D7FC               	bra	u1577
  2600   00493E                     
  2601                           ;main.c: 321:             LATCbits.LATC3 = 0;
  2602   00493E  96BC               	bcf	188,3,c	;volatile
  2603                           
  2604                           ;main.c: 322:             _delay((unsigned long)((250)*(1000000UL/4000.0)));
  2605   004940  0E52               	movlw	82
  2606   004942  6E3F               	movwf	??_haltReset^0,c
  2607   004944  0E2A               	movlw	42
  2608   004946                     u1587:
  2609   004946  2EE8               	decfsz	wreg,f,c
  2610   004948  D7FE               	bra	u1587
  2611   00494A  2E3F               	decfsz	??_haltReset^0,f,c
  2612   00494C  D7FC               	bra	u1587
  2613   00494E                     
  2614                           ;main.c: 323:         }
  2615   00494E  2A51               	incf	haltReset@i^0,f,c
  2616   004950  0E01               	movlw	1
  2617   004952  6451               	cpfsgt	haltReset@i^0,c
  2618   004954  EFAE  F024         	goto	u1371
  2619   004958  EFB0  F024         	goto	u1370
  2620   00495C                     u1371:
  2621   00495C  EF97  F024         	goto	l127
  2622   004960                     u1370:
  2623   004960                     
  2624                           ;main.c: 324:     }
  2625   004960  0652               	decf	haltReset@sec^0,f,c
  2626   004962  5052               	movf	haltReset@sec^0,w,c
  2627   004964  A4D8               	btfss	status,2,c
  2628   004966  EFB7  F024         	goto	u1381
  2629   00496A  EFB9  F024         	goto	u1380
  2630   00496E                     u1381:
  2631   00496E  EF85  F024         	goto	l2246
  2632   004972                     u1380:
  2633   004972                     
  2634                           ;main.c: 327:     lcdTextAt(2, 0, "Reset in  0 sec ");
  2635   004972  0E00               	movlw	0
  2636   004974  6E04               	movwf	lcdTextAt@pos^0,c
  2637   004976  0E68               	movlw	low STR_9
  2638   004978  6E05               	movwf	lcdTextAt@msg^0,c
  2639   00497A  5005               	movf	lcdTextAt@msg^0,w,c
  2640   00497C  A4D8               	btfss	status,2,c
  2641   00497E  0E20               	movlw	high __smallconst
  2642   004980  6E06               	movwf	(lcdTextAt@msg+1)^0,c
  2643   004982  0E02               	movlw	2
  2644   004984  ECC0  F028         	call	_lcdTextAt
  2645   004988                     
  2646                           ;main.c: 328:     _delay((unsigned long)((300)*(1000000UL/4000.0)));
  2647   004988  0E62               	movlw	98
  2648   00498A  6E3F               	movwf	??_haltReset^0,c
  2649   00498C  0E66               	movlw	102
  2650   00498E                     u1597:
  2651   00498E  2EE8               	decfsz	wreg,f,c
  2652   004990  D7FE               	bra	u1597
  2653   004992  2E3F               	decfsz	??_haltReset^0,f,c
  2654   004994  D7FC               	bra	u1597
  2655   004996                     
  2656                           ;main.c: 330:     LATCbits.LATC3 = 0;
  2657   004996  96BC               	bcf	188,3,c	;volatile
  2658   004998  00FF               	reset		;# 
  2659   00499A  0012               	return		;funcret
  2660   00499C                     __end_of_haltReset:
  2661                           	callstack 0
  2662                           
  2663 ;; *************** function _gToMs2 *****************
  2664 ;; Defined at:
  2665 ;;		line 421 in file "main.c"
  2666 ;; Parameters:    Size  Location     Type
  2667 ;;  gVal            2    8[COMRAM] int 
  2668 ;; Auto vars:     Size  Location     Type
  2669 ;;		None
  2670 ;; Return value:  Size  Location     Type
  2671 ;;                  2    8[COMRAM] int 
  2672 ;; Registers used:
  2673 ;;		wreg, status,2, status,0, prodl, prodh, cstack
  2674 ;; Tracked objects:
  2675 ;;		On entry : 0/0
  2676 ;;		On exit  : 0/0
  2677 ;;		Unchanged: 0/0
  2678 ;; Data sizes:     COMRAM   BANK0   BANK1   BANK2   BANK3   BANK4   BANK5   BANK6   BANK7   BANK8   BANK9  BANK10  BANK1
      +1  BANK12  BANK13  BANK14  BANK15  BANK16  BANK17  BANK18  BANK19  BANK20  BANK21  BANK22  BANK23  BANK24  BANK25  BANK2
      +6  BANK27  BANK28  BANK29  BANK30  BANK31
  2679 ;;      Params:         2       0       0       0       0       0       0       0       0       0       0       0       
      +0       0       0       0       0       0       0       0       0       0       0       0       0       0       0       
      +0       0       0       0       0       0
  2680 ;;      Locals:         0       0       0       0       0       0       0       0       0       0       0       0       
      +0       0       0       0       0       0       0       0       0       0       0       0       0       0       0       
      +0       0       0       0       0       0
  2681 ;;      Temps:          4       0       0       0       0       0       0       0       0       0       0       0       
      +0       0       0       0       0       0       0       0       0       0       0       0       0       0       0       
      +0       0       0       0       0       0
  2682 ;;      Totals:         6       0       0       0       0       0       0       0       0       0       0       0       
      +0       0       0       0       0       0       0       0       0       0       0       0       0       0       0       
      +0       0       0       0       0       0
  2683 ;;Total ram usage:        6 bytes
  2684 ;; Hardware stack levels used: 1
  2685 ;; Hardware stack levels required when called: 2
  2686 ;; This function calls:
  2687 ;;		___awdiv
  2688 ;; This function is called by:
  2689 ;;		_main
  2690 ;; This function uses a non-reentrant model
  2691 ;;
  2692                           
  2693                           	psect	text7
  2694   005010                     __ptext7:
  2695                           	callstack 0
  2696   005010                     _gToMs2:
  2697                           	callstack 28
  2698   005010                     
  2699                           ;main.c: 421: signed int gToMs2(signed int gVal);main.c: 422: {;main.c: 423:     return 
      +                          (signed int)((gVal * 981) / 100);
  2700   005010  0ED5               	movlw	213
  2701   005012  6E0B               	movwf	??_gToMs2^0,c
  2702   005014  0E03               	movlw	3
  2703   005016  6E0C               	movwf	(??_gToMs2+1)^0,c
  2704   005018  500B               	movf	??_gToMs2^0,w,c
  2705   00501A  0209               	mulwf	gToMs2@gVal^0,c
  2706   00501C  006F FFCC  F00D    	movff	prodl,??_gToMs2+2
  2707   005022  006F FFD0  F00E    	movff	prodh,??_gToMs2+3
  2708   005028  020A               	mulwf	(gToMs2@gVal+1)^0,c
  2709   00502A  50F3               	movf	prodl,w,c
  2710   00502C  260E               	addwf	(??_gToMs2+3)^0,f,c
  2711   00502E  500C               	movf	(??_gToMs2+1)^0,w,c
  2712   005030  0209               	mulwf	gToMs2@gVal^0,c
  2713   005032  50F3               	movf	prodl,w,c
  2714   005034  260E               	addwf	(??_gToMs2+3)^0,f,c
  2715   005036  C00D  F001         	movff	??_gToMs2+2,___awdiv@dividend
  2716   00503A  C00E  F002         	movff	??_gToMs2+3,___awdiv@dividend+1
  2717   00503E  6A04               	clrf	(___awdiv@divisor+1)^0,c
  2718   005040  0E64               	movlw	100
  2719   005042  6E03               	movwf	___awdiv@divisor^0,c
  2720   005044  ECBB  F023         	call	___awdiv	;wreg free
  2721   005048  C001  F009         	movff	?___awdiv,?_gToMs2
  2722   00504C  C002  F00A         	movff	?___awdiv+1,?_gToMs2+1
  2723   005050  0012               	return		;funcret
  2724   005052                     __end_of_gToMs2:
  2725                           	callstack 0
  2726                           
  2727 ;; *************** function _formatNum *****************
  2728 ;; Defined at:
  2729 ;;		line 430 in file "main.c"
  2730 ;; Parameters:    Size  Location     Type
  2731 ;;  buffer          1   62[COMRAM] PTR unsigned char 
  2732 ;;		 -> main@number(10), 
  2733 ;;  value           2   63[COMRAM] int 
  2734 ;; Auto vars:     Size  Location     Type
  2735 ;;  decimal         2   67[COMRAM] int 
  2736 ;;  whole           2   65[COMRAM] int 
  2737 ;; Return value:  Size  Location     Type
  2738 ;;                  1    wreg      void 
  2739 ;; Registers used:
  2740 ;;		wreg, fsr1l, fsr1h, fsr2l, fsr2h, status,2, status,0, tblptrl, tblptrh, tblptru, prodl, prodh, cstack
  2741 ;; Tracked objects:
  2742 ;;		On entry : 0/0
  2743 ;;		On exit  : 0/0
  2744 ;;		Unchanged: 0/0
  2745 ;; Data sizes:     COMRAM   BANK0   BANK1   BANK2   BANK3   BANK4   BANK5   BANK6   BANK7   BANK8   BANK9  BANK10  BANK1
      +1  BANK12  BANK13  BANK14  BANK15  BANK16  BANK17  BANK18  BANK19  BANK20  BANK21  BANK22  BANK23  BANK24  BANK25  BANK2
      +6  BANK27  BANK28  BANK29  BANK30  BANK31
  2746 ;;      Params:         3       0       0       0       0       0       0       0       0       0       0       0       
      +0       0       0       0       0       0       0       0       0       0       0       0       0       0       0       
      +0       0       0       0       0       0
  2747 ;;      Locals:         4       0       0       0       0       0       0       0       0       0       0       0       
      +0       0       0       0       0       0       0       0       0       0       0       0       0       0       0       
      +0       0       0       0       0       0
  2748 ;;      Temps:          0       0       0       0       0       0       0       0       0       0       0       0       
      +0       0       0       0       0       0       0       0       0       0       0       0       0       0       0       
      +0       0       0       0       0       0
  2749 ;;      Totals:         7       0       0       0       0       0       0       0       0       0       0       0       
      +0       0       0       0       0       0       0       0       0       0       0       0       0       0       0       
      +0       0       0       0       0       0
  2750 ;;Total ram usage:        7 bytes
  2751 ;; Hardware stack levels used: 1
  2752 ;; Hardware stack levels required when called: 8
  2753 ;; This function calls:
  2754 ;;		___awdiv
  2755 ;;		___awmod
  2756 ;;		_sprintf
  2757 ;; This function is called by:
  2758 ;;		_main
  2759 ;; This function uses a non-reentrant model
  2760 ;;
  2761                           
  2762                           	psect	text8
  2763   004EF6                     __ptext8:
  2764                           	callstack 0
  2765   004EF6                     _formatNum:
  2766                           	callstack 22
  2767   004EF6                     
  2768                           ;main.c: 430: void formatNum(char *buffer, signed int value);main.c: 431: {;main.c: 432:
      +                               signed int whole;;main.c: 433:     signed int decimal;;main.c: 435:     if(value < 
      +                          0)
  2769   004EF6  BE41               	btfsc	(formatNum@value+1)^0,7,c
  2770   004EF8  EF82  F027         	goto	u1400
  2771   004EFC  EF80  F027         	goto	u1401
  2772   004F00                     u1401:
  2773   004F00  EF86  F027         	goto	l2290
  2774   004F04                     u1400:
  2775   004F04                     
  2776                           ;main.c: 436:         value = -value;
  2777   004F04  6C40               	negf	formatNum@value^0,c
  2778   004F06  1E41               	comf	(formatNum@value+1)^0,f,c
  2779   004F08  B0D8               	btfsc	status,0,c
  2780   004F0A  2A41               	incf	(formatNum@value+1)^0,f,c
  2781   004F0C                     l2290:
  2782                           
  2783                           ;main.c: 438:     whole = value / 100;
  2784   004F0C  C040  F001         	movff	formatNum@value,___awdiv@dividend
  2785   004F10  C041  F002         	movff	formatNum@value+1,___awdiv@dividend+1
  2786   004F14  6A04               	clrf	(___awdiv@divisor+1)^0,c
  2787   004F16  0E64               	movlw	100
  2788   004F18  6E03               	movwf	___awdiv@divisor^0,c
  2789   004F1A  ECBB  F023         	call	___awdiv	;wreg free
  2790   004F1E  C001  F042         	movff	?___awdiv,formatNum@whole
  2791   004F22  C002  F043         	movff	?___awdiv+1,formatNum@whole+1
  2792   004F26                     
  2793                           ;main.c: 439:     decimal = value % 100;
  2794   004F26  C040  F001         	movff	formatNum@value,___awmod@dividend
  2795   004F2A  C041  F002         	movff	formatNum@value+1,___awmod@dividend+1
  2796   004F2E  6A04               	clrf	(___awmod@divisor+1)^0,c
  2797   004F30  0E64               	movlw	100
  2798   004F32  6E03               	movwf	___awmod@divisor^0,c
  2799   004F34  ECCE  F024         	call	___awmod	;wreg free
  2800   004F38  C001  F044         	movff	?___awmod,formatNum@decimal
  2801   004F3C  C002  F045         	movff	?___awmod+1,formatNum@decimal+1
  2802   004F40                     
  2803                           ;main.c: 441:     sprintf(buffer, "%d.%02d", whole, decimal);
  2804   004F40  C03F  F02D         	movff	formatNum@buffer,sprintf@s
  2805   004F44  0E91               	movlw	low STR_11
  2806   004F46  6E2E               	movwf	sprintf@fmt^0,c
  2807   004F48  C042  F02F         	movff	formatNum@whole,?_sprintf+2
  2808   004F4C  C043  F030         	movff	formatNum@whole+1,?_sprintf+3
  2809   004F50  C044  F031         	movff	formatNum@decimal,?_sprintf+4
  2810   004F54  C045  F032         	movff	formatNum@decimal+1,?_sprintf+5
  2811   004F58  ECF5  F028         	call	_sprintf	;wreg free
  2812   004F5C  0012               	return		;funcret
  2813   004F5E                     __end_of_formatNum:
  2814                           	callstack 0
  2815                           
  2816 ;; *************** function _sprintf *****************
  2817 ;; Defined at:
  2818 ;;		line 9 in file "C:\Program Files\Microchip\xc8\v3.10\pic\sources\c99\common\nf_sprintf.c"
  2819 ;; Parameters:    Size  Location     Type
  2820 ;;  s               1   44[COMRAM] PTR unsigned char 
  2821 ;;		 -> haltReset@msg(17), main@number(10), 
  2822 ;;  fmt             1   45[COMRAM] PTR const unsigned char 
  2823 ;;		 -> STR_11(8), STR_8(18), 
  2824 ;; Auto vars:     Size  Location     Type
  2825 ;;  f              11   51[COMRAM] struct _IO_FILE
  2826 ;;  ret             2    0        int 
  2827 ;;  ap              1   50[COMRAM] PTR void [1]
  2828 ;;		 -> ?_sprintf(2), 
  2829 ;; Return value:  Size  Location     Type
  2830 ;;                  2   44[COMRAM] int 
  2831 ;; Registers used:
  2832 ;;		wreg, fsr1l, fsr1h, fsr2l, fsr2h, status,2, status,0, tblptrl, tblptrh, tblptru, prodl, prodh, cstack
  2833 ;; Tracked objects:
  2834 ;;		On entry : 0/0
  2835 ;;		On exit  : 0/0
  2836 ;;		Unchanged: 0/0
  2837 ;; Data sizes:     COMRAM   BANK0   BANK1   BANK2   BANK3   BANK4   BANK5   BANK6   BANK7   BANK8   BANK9  BANK10  BANK1
      +1  BANK12  BANK13  BANK14  BANK15  BANK16  BANK17  BANK18  BANK19  BANK20  BANK21  BANK22  BANK23  BANK24  BANK25  BANK2
      +6  BANK27  BANK28  BANK29  BANK30  BANK31
  2838 ;;      Params:         6       0       0       0       0       0       0       0       0       0       0       0       
      +0       0       0       0       0       0       0       0       0       0       0       0       0       0       0       
      +0       0       0       0       0       0
  2839 ;;      Locals:        12       0       0       0       0       0       0       0       0       0       0       0       
      +0       0       0       0       0       0       0       0       0       0       0       0       0       0       0       
      +0       0       0       0       0       0
  2840 ;;      Temps:          0       0       0       0       0       0       0       0       0       0       0       0       
      +0       0       0       0       0       0       0       0       0       0       0       0       0       0       0       
      +0       0       0       0       0       0
  2841 ;;      Totals:        18       0       0       0       0       0       0       0       0       0       0       0       
      +0       0       0       0       0       0       0       0       0       0       0       0       0       0       0       
      +0       0       0       0       0       0
  2842 ;;Total ram usage:       18 bytes
  2843 ;; Hardware stack levels used: 1
  2844 ;; Hardware stack levels required when called: 1
  2845 ;; This function calls:
  2846 ;;		_vfprintf
  2847 ;; This function is called by:
  2848 ;;		_haltReset
  2849 ;;		_formatNum
  2850 ;; This function uses a non-reentrant model
  2851 ;;
  2852                           
  2853                           	psect	text9
  2854   0051EA                     __ptext9:
  2855                           	callstack 0
  2856   0051EA                     _sprintf:
  2857                           	callstack 28
  2858   0051EA  0E2F               	movlw	low (?_sprintf+2)
  2859   0051EC  6E33               	movwf	sprintf@ap^0,c
  2860   0051EE  C02D  F034         	movff	sprintf@s,sprintf@f
  2861   0051F2  6A37               	clrf	(sprintf@f+3)^0,c
  2862   0051F4  0E00               	movlw	0
  2863   0051F6  6E36               	movwf	(sprintf@f+2)^0,c
  2864   0051F8  6A3E               	clrf	(sprintf@f+10)^0,c
  2865   0051FA  0E00               	movlw	0
  2866   0051FC  6E3D               	movwf	(sprintf@f+9)^0,c
  2867   0051FE  0E34               	movlw	low sprintf@f
  2868   005200  6E29               	movwf	vfprintf@fp^0,c
  2869   005202  C02E  F02A         	movff	sprintf@fmt,vfprintf@fmt
  2870   005206  0E33               	movlw	low sprintf@ap
  2871   005208  6E2B               	movwf	vfprintf@ap^0,c
  2872   00520A  EC29  F028         	call	_vfprintf	;wreg free
  2873   00520E  502D               	movf	sprintf@s^0,w,c
  2874   005210  2436               	addwf	(sprintf@f+2)^0,w,c
  2875   005212  6ED9               	movwf	fsr2l,c
  2876   005214  6ADA               	clrf	fsr2h,c
  2877   005216  6ADF               	clrf	indf2,c
  2878   005218  0012               	return		;funcret
  2879   00521A                     __end_of_sprintf:
  2880                           	callstack 0
  2881                           
  2882 ;; *************** function _vfprintf *****************
  2883 ;; Defined at:
  2884 ;;		line 1817 in file "C:\Program Files\Microchip\xc8\v3.10\pic\sources\c99\common\doprnt.c"
  2885 ;; Parameters:    Size  Location     Type
  2886 ;;  fp              1   40[COMRAM] PTR struct _IO_FILE
  2887 ;;		 -> sprintf@f(11), 
  2888 ;;  fmt             1   41[COMRAM] PTR const unsigned char 
  2889 ;;		 -> STR_11(8), STR_8(18), 
  2890 ;;  ap              1   42[COMRAM] PTR PTR void 
  2891 ;;		 -> sprintf@ap(1), 
  2892 ;; Auto vars:     Size  Location     Type
  2893 ;;  cfmt            1   43[COMRAM] PTR unsigned char 
  2894 ;;		 -> STR_11(8), STR_8(18), 
  2895 ;; Return value:  Size  Location     Type
  2896 ;;                  2   40[COMRAM] int 
  2897 ;; Registers used:
  2898 ;;		wreg, fsr1l, fsr1h, fsr2l, fsr2h, status,2, status,0, tblptrl, tblptrh, tblptru, prodl, prodh, cstack
  2899 ;; Tracked objects:
  2900 ;;		On entry : 0/0
  2901 ;;		On exit  : 0/0
  2902 ;;		Unchanged: 0/0
  2903 ;; Data sizes:     COMRAM   BANK0   BANK1   BANK2   BANK3   BANK4   BANK5   BANK6   BANK7   BANK8   BANK9  BANK10  BANK1
      +1  BANK12  BANK13  BANK14  BANK15  BANK16  BANK17  BANK18  BANK19  BANK20  BANK21  BANK22  BANK23  BANK24  BANK25  BANK2
      +6  BANK27  BANK28  BANK29  BANK30  BANK31
  2904 ;;      Params:         3       0       0       0       0       0       0       0       0       0       0       0       
      +0       0       0       0       0       0       0       0       0       0       0       0       0       0       0       
      +0       0       0       0       0       0
  2905 ;;      Locals:         1       0       0       0       0       0       0       0       0       0       0       0       
      +0       0       0       0       0       0       0       0       0       0       0       0       0       0       0       
      +0       0       0       0       0       0
  2906 ;;      Temps:          0       0       0       0       0       0       0       0       0       0       0       0       
      +0       0       0       0       0       0       0       0       0       0       0       0       0       0       0       
      +0       0       0       0       0       0
  2907 ;;      Totals:         4       0       0       0       0       0       0       0       0       0       0       0       
      +0       0       0       0       0       0       0       0       0       0       0       0       0       0       0       
      +0       0       0       0       0       0
  2908 ;;Total ram usage:        4 bytes
  2909 ;; Hardware stack levels used: 1
  2910 ;; Hardware stack levels required when called: 6
  2911 ;; This function calls:
  2912 ;;		_vfpfcnvrt
  2913 ;; This function is called by:
  2914 ;;		_sprintf
  2915 ;; This function uses a non-reentrant model
  2916 ;;
  2917                           
  2918                           	psect	text10
  2919   005052                     __ptext10:
  2920                           	callstack 0
  2921   005052                     _vfprintf:
  2922                           	callstack 22
  2923   005052                     
  2924                           ;C:\Program Files\Microchip\xc8\v3.10\pic\sources\c99\common\doprnt.c: 1817: int vfprint
      +                          f(FILE *fp, const char *fmt, va_list ap);C:\Program Files\Microchip\xc8\v3.10\pic\source
      +                          s\c99\common\doprnt.c: 1818: {;C:\Program Files\Microchip\xc8\v3.10\pic\sources\c99\comm
      +                          on\doprnt.c: 1820:     char *cfmt;;C:\Program Files\Microchip\xc8\v3.10\pic\sources\c99\
      +                          common\doprnt.c: 1822:     cfmt = (char *)fmt;
  2925   005052  C02A  F02C         	movff	vfprintf@fmt,vfprintf@cfmt
  2926                           
  2927                           ;C:\Program Files\Microchip\xc8\v3.10\pic\sources\c99\common\doprnt.c: 1826:     while (
      +                          *cfmt) {
  2928   005056  EF35  F028         	goto	l2142
  2929   00505A                     l2140:
  2930                           
  2931                           ;C:\Program Files\Microchip\xc8\v3.10\pic\sources\c99\common\doprnt.c: 1830:    vfpfcnvr
      +                          t(fp, &cfmt, ap);
  2932   00505A  C029  F020         	movff	vfprintf@fp,vfpfcnvrt@fp
  2933   00505E  0E2C               	movlw	low vfprintf@cfmt
  2934   005060  6E21               	movwf	vfpfcnvrt@fmt^0,c
  2935   005062  C02B  F022         	movff	vfprintf@ap,vfpfcnvrt@ap
  2936   005066  ECA7  F021         	call	_vfpfcnvrt	;wreg free
  2937   00506A                     l2142:
  2938                           
  2939                           ;C:\Program Files\Microchip\xc8\v3.10\pic\sources\c99\common\doprnt.c: 1826:     while (
      +                          *cfmt) {
  2940   00506A  0060  F0B3  FFF6   	movff	vfprintf@cfmt,tblptrl
  2941   005070                     	if	1	;There is more than 1 active tblptr byte
  2942   005070  0E20               	movlw	high __smallconst
  2943   005072  6EF7               	movwf	tblptrh,c
  2944   005074                     	endif
  2945   005074                     	if	0	;tblptru may be non-zero
  2946   005074                     	endif
  2947   005074                     	if	1	;Program memory is > 0xFFFF, there are 3 active tblptr bytes
  2948   005074  0E00               	movlw	low (__smallconst shr (0+16))
  2949   005076  6EF8               	movwf	tblptru,c
  2950   005078                     	endif
  2951   005078  0008               	tblrd		*
  2952   00507A  50F5               	movf	tablat,w,c
  2953   00507C  0900               	iorlw	0
  2954   00507E  A4D8               	btfss	status,2,c
  2955   005080  EF44  F028         	goto	u1341
  2956   005084  EF46  F028         	goto	u1340
  2957   005088                     u1341:
  2958   005088  EF2D  F028         	goto	l2140
  2959   00508C                     u1340:
  2960   00508C                     
  2961                           ;C:\Program Files\Microchip\xc8\v3.10\pic\sources\c99\common\doprnt.c: 1835:  return 0;
  2962   00508C  6A2A               	clrf	(?_vfprintf+1)^0,c
  2963   00508E  0E00               	movlw	0
  2964   005090  6E29               	movwf	?_vfprintf^0,c
  2965   005092  0012               	return		;funcret
  2966   005094                     __end_of_vfprintf:
  2967                           	callstack 0
  2968                           
  2969 ;; *************** function _vfpfcnvrt *****************
  2970 ;; Defined at:
  2971 ;;		line 1177 in file "C:\Program Files\Microchip\xc8\v3.10\pic\sources\c99\common\doprnt.c"
  2972 ;; Parameters:    Size  Location     Type
  2973 ;;  fp              1   31[COMRAM] PTR struct _IO_FILE
  2974 ;;		 -> sprintf@f(11), 
  2975 ;;  fmt             1   32[COMRAM] PTR PTR unsigned char 
  2976 ;;		 -> vfprintf@cfmt(1), 
  2977 ;;  ap              1   33[COMRAM] PTR PTR void 
  2978 ;;		 -> sprintf@ap(1), 
  2979 ;; Auto vars:     Size  Location     Type
  2980 ;;  convarg         4   35[COMRAM] struct .
  2981 ;;  cp              1   39[COMRAM] PTR unsigned char 
  2982 ;;		 -> STR_11(8), STR_8(18), 
  2983 ;;  done            1   34[COMRAM] _Bool 
  2984 ;;  c               1    0        unsigned char 
  2985 ;; Return value:  Size  Location     Type
  2986 ;;                  1    wreg      void 
  2987 ;; Registers used:
  2988 ;;		wreg, fsr1l, fsr1h, fsr2l, fsr2h, status,2, status,0, tblptrl, tblptrh, tblptru, prodl, prodh, cstack
  2989 ;; Tracked objects:
  2990 ;;		On entry : 0/0
  2991 ;;		On exit  : 0/0
  2992 ;;		Unchanged: 0/0
  2993 ;; Data sizes:     COMRAM   BANK0   BANK1   BANK2   BANK3   BANK4   BANK5   BANK6   BANK7   BANK8   BANK9  BANK10  BANK1
      +1  BANK12  BANK13  BANK14  BANK15  BANK16  BANK17  BANK18  BANK19  BANK20  BANK21  BANK22  BANK23  BANK24  BANK25  BANK2
      +6  BANK27  BANK28  BANK29  BANK30  BANK31
  2994 ;;      Params:         3       0       0       0       0       0       0       0       0       0       0       0       
      +0       0       0       0       0       0       0       0       0       0       0       0       0       0       0       
      +0       0       0       0       0       0
  2995 ;;      Locals:         6       0       0       0       0       0       0       0       0       0       0       0       
      +0       0       0       0       0       0       0       0       0       0       0       0       0       0       0       
      +0       0       0       0       0       0
  2996 ;;      Temps:          0       0       0       0       0       0       0       0       0       0       0       0       
      +0       0       0       0       0       0       0       0       0       0       0       0       0       0       0       
      +0       0       0       0       0       0
  2997 ;;      Totals:         9       0       0       0       0       0       0       0       0       0       0       0       
      +0       0       0       0       0       0       0       0       0       0       0       0       0       0       0       
      +0       0       0       0       0       0
  2998 ;;Total ram usage:        9 bytes
  2999 ;; Hardware stack levels used: 1
  3000 ;; Hardware stack levels required when called: 5
  3001 ;; This function calls:
  3002 ;;		_dtoa
  3003 ;;		_fputc
  3004 ;;		_read_prec_or_width
  3005 ;;		_utoa
  3006 ;; This function is called by:
  3007 ;;		_vfprintf
  3008 ;; This function uses a non-reentrant model
  3009 ;;
  3010                           
  3011                           	psect	text11
  3012   00434E                     __ptext11:
  3013                           	callstack 0
  3014   00434E                     _vfpfcnvrt:
  3015                           	callstack 22
  3016   00434E                     
  3017                           ;C:\Program Files\Microchip\xc8\v3.10\pic\sources\c99\common\doprnt.c: 1177: vfpfcnvrt(F
      +                          ILE *fp, char *fmt[], va_list ap);C:\Program Files\Microchip\xc8\v3.10\pic\sources\c99\c
      +                          ommon\doprnt.c: 1178: {;C:\Program Files\Microchip\xc8\v3.10\pic\sources\c99\common\dopr
      +                          nt.c: 1179:     char c, *cp;;C:\Program Files\Microchip\xc8\v3.10\pic\sources\c99\common
      +                          \doprnt.c: 1180:     _Bool done;;C:\Program Files\Microchip\xc8\v3.10\pic\sources\c99\co
      +                          mmon\doprnt.c: 1188:  } convarg;;C:\Program Files\Microchip\xc8\v3.10\pic\sources\c99\co
      +                          mmon\doprnt.c: 1201:     if ((*fmt)[0] == '%') {
  3018   00434E  5021               	movf	vfpfcnvrt@fmt^0,w,c
  3019   004350  6ED9               	movwf	fsr2l,c
  3020   004352  6ADA               	clrf	fsr2h,c
  3021   004354  006F FF7F FFF6     	movff	indf2,tblptrl
  3022   00435A                     	if	1	;There is more than 1 active tblptr byte
  3023   00435A  0E20               	movlw	high __smallconst
  3024   00435C  6EF7               	movwf	tblptrh,c
  3025   00435E                     	endif
  3026   00435E                     	if	0	;tblptru may be non-zero
  3027   00435E                     	endif
  3028   00435E                     	if	1	;Program memory is > 0xFFFF, there are 3 active tblptr bytes
  3029   00435E  0E00               	movlw	low (__smallconst shr (0+16))
  3030   004360  6EF8               	movwf	tblptru,c
  3031   004362                     	endif
  3032   004362  0008               	tblrd		*
  3033   004364  50F5               	movf	tablat,w,c
  3034   004366  0A25               	xorlw	37
  3035   004368  A4D8               	btfss	status,2,c
  3036   00436A  EFB9  F021         	goto	u1201
  3037   00436E  EFBB  F021         	goto	u1200
  3038   004372                     u1201:
  3039   004372  EF8D  F022         	goto	l2078
  3040   004376                     u1200:
  3041   004376                     
  3042                           ;C:\Program Files\Microchip\xc8\v3.10\pic\sources\c99\common\doprnt.c: 1202:         ++*
      +                          fmt;
  3043   004376  5021               	movf	vfpfcnvrt@fmt^0,w,c
  3044   004378  6ED9               	movwf	fsr2l,c
  3045   00437A  6ADA               	clrf	fsr2h,c
  3046   00437C  2ADF               	incf	indf2,f,c
  3047   00437E                     
  3048                           ;C:\Program Files\Microchip\xc8\v3.10\pic\sources\c99\common\doprnt.c: 1204:         fla
      +                          gs = width = 0;
  3049   00437E  6A58               	clrf	(_width+1)^0,c
  3050   004380  0E00               	movlw	0
  3051   004382  6E57               	movwf	_width^0,c
  3052   004384  C057  F05B         	movff	_width,_flags
  3053   004388                     
  3054                           ;C:\Program Files\Microchip\xc8\v3.10\pic\sources\c99\common\doprnt.c: 1205:         pre
      +                          c = -1;
  3055   004388  6859               	setf	_prec^0,c
  3056   00438A  685A               	setf	(_prec+1)^0,c
  3057   00438C                     
  3058                           ;C:\Program Files\Microchip\xc8\v3.10\pic\sources\c99\common\doprnt.c: 1209:         don
      +                          e = 0;
  3059   00438C  6A23               	clrf	vfpfcnvrt@done^0,c
  3060                           
  3061                           ;C:\Program Files\Microchip\xc8\v3.10\pic\sources\c99\common\doprnt.c: 1210:         whi
      +                          le (!done) {
  3062   00438E  EFE6  F021         	goto	l2038
  3063   004392                     l2028:
  3064                           
  3065                           ;C:\Program Files\Microchip\xc8\v3.10\pic\sources\c99\common\doprnt.c: 1220:            
      +                                   flags |= (1 << 1);
  3066   004392  825B               	bsf	_flags^0,1,c
  3067   004394                     
  3068                           ;C:\Program Files\Microchip\xc8\v3.10\pic\sources\c99\common\doprnt.c: 1221:            
      +                                   ++*fmt;
  3069   004394  5021               	movf	vfpfcnvrt@fmt^0,w,c
  3070   004396  6ED9               	movwf	fsr2l,c
  3071   004398  6ADA               	clrf	fsr2h,c
  3072   00439A  2ADF               	incf	indf2,f,c
  3073                           
  3074                           ;C:\Program Files\Microchip\xc8\v3.10\pic\sources\c99\common\doprnt.c: 1222:            
      +                                   break;
  3075   00439C  EFE6  F021         	goto	l2038
  3076   0043A0                     l2032:
  3077                           
  3078                           ;C:\Program Files\Microchip\xc8\v3.10\pic\sources\c99\common\doprnt.c: 1243:            
      +                                   done = 1;
  3079   0043A0  0E01               	movlw	1
  3080   0043A2  6E23               	movwf	vfpfcnvrt@done^0,c
  3081                           
  3082                           ;C:\Program Files\Microchip\xc8\v3.10\pic\sources\c99\common\doprnt.c: 1244:            
      +                                   break;
  3083   0043A4  EFE6  F021         	goto	l2038
  3084   0043A8                     l2036:
  3085   0043A8  5021               	movf	vfpfcnvrt@fmt^0,w,c
  3086   0043AA  6ED9               	movwf	fsr2l,c
  3087   0043AC  6ADA               	clrf	fsr2h,c
  3088   0043AE  006F FF7F FFF6     	movff	indf2,tblptrl
  3089   0043B4                     	if	1	;There is more than 1 active tblptr byte
  3090   0043B4  0E20               	movlw	high __smallconst
  3091   0043B6  6EF7               	movwf	tblptrh,c
  3092   0043B8                     	endif
  3093   0043B8                     	if	0	;tblptru may be non-zero
  3094   0043B8                     	endif
  3095   0043B8                     	if	1	;Program memory is > 0xFFFF, there are 3 active tblptr bytes
  3096   0043B8  0E00               	movlw	low (__smallconst shr (0+16))
  3097   0043BA  6EF8               	movwf	tblptru,c
  3098   0043BC                     	endif
  3099   0043BC  0008               	tblrd		*
  3100   0043BE  50F5               	movf	tablat,w,c
  3101                           
  3102                           ; Switch size 1, requested type "simple"
  3103                           ; Number of cases is 1, Range of values is 48 to 48
  3104                           ; switch strategies available:
  3105                           ; Name         Instructions Cycles
  3106                           ; simple_byte            4     3 (average)
  3107                           ;	Chosen strategy is simple_byte
  3108   0043C0  0A30               	xorlw	48	; case 48
  3109   0043C2  B4D8               	btfsc	status,2,c
  3110   0043C4  EFC9  F021         	goto	l2028
  3111   0043C8  EFD0  F021         	goto	l2032
  3112   0043CC                     l2038:
  3113                           
  3114                           ;C:\Program Files\Microchip\xc8\v3.10\pic\sources\c99\common\doprnt.c: 1210:         whi
      +                          le (!done) {
  3115   0043CC  5023               	movf	vfpfcnvrt@done^0,w,c
  3116   0043CE  B4D8               	btfsc	status,2,c
  3117   0043D0  EFEC  F021         	goto	u1211
  3118   0043D4  EFEE  F021         	goto	u1210
  3119   0043D8                     u1211:
  3120   0043D8  EFD4  F021         	goto	l2036
  3121   0043DC                     u1210:
  3122   0043DC                     
  3123                           ;C:\Program Files\Microchip\xc8\v3.10\pic\sources\c99\common\doprnt.c: 1256:   width = r
      +                          ead_prec_or_width(fmt, ap);
  3124   0043DC  C021  F001         	movff	vfpfcnvrt@fmt,read_prec_or_width@fmt
  3125   0043E0  C022  F002         	movff	vfpfcnvrt@ap,read_prec_or_width@ap
  3126   0043E4  EC1B  F024         	call	_read_prec_or_width	;wreg free
  3127   0043E8  C001  F057         	movff	?_read_prec_or_width,_width
  3128   0043EC  C002  F058         	movff	?_read_prec_or_width+1,_width+1
  3129   0043F0                     
  3130                           ;C:\Program Files\Microchip\xc8\v3.10\pic\sources\c99\common\doprnt.c: 1257:   if (width
      +                           < 0) {
  3131   0043F0  BE58               	btfsc	(_width+1)^0,7,c
  3132   0043F2  EFFF  F021         	goto	u1220
  3133   0043F6  EFFD  F021         	goto	u1221
  3134   0043FA                     u1221:
  3135   0043FA  EF04  F022         	goto	l2046
  3136   0043FE                     u1220:
  3137   0043FE                     
  3138                           ;C:\Program Files\Microchip\xc8\v3.10\pic\sources\c99\common\doprnt.c: 1258:    flags |=
      +                           (1 << 0);
  3139   0043FE  805B               	bsf	_flags^0,0,c
  3140                           
  3141                           ;C:\Program Files\Microchip\xc8\v3.10\pic\sources\c99\common\doprnt.c: 1259:    width = 
      +                          -width;
  3142   004400  6C57               	negf	_width^0,c
  3143   004402  1E58               	comf	(_width+1)^0,f,c
  3144   004404  B0D8               	btfsc	status,0,c
  3145   004406  2A58               	incf	(_width+1)^0,f,c
  3146   004408                     l2046:
  3147                           
  3148                           ;C:\Program Files\Microchip\xc8\v3.10\pic\sources\c99\common\doprnt.c: 1291:   cp = *fmt
      +                          ;
  3149   004408  5021               	movf	vfpfcnvrt@fmt^0,w,c
  3150   00440A  6ED9               	movwf	fsr2l,c
  3151   00440C  6ADA               	clrf	fsr2h,c
  3152   00440E  50DF               	movf	indf2,w,c
  3153   004410  6E28               	movwf	vfpfcnvrt@cp^0,c
  3154   004412                     
  3155                           ;C:\Program Files\Microchip\xc8\v3.10\pic\sources\c99\common\doprnt.c: 1361:   if (*cp =
      +                          = 'd' || *cp == 'i') {
  3156   004412  0060  F0A3  FFF6   	movff	vfpfcnvrt@cp,tblptrl
  3157   004418                     	if	1	;There is more than 1 active tblptr byte
  3158   004418  0E20               	movlw	high __smallconst
  3159   00441A  6EF7               	movwf	tblptrh,c
  3160   00441C                     	endif
  3161   00441C                     	if	0	;tblptru may be non-zero
  3162   00441C                     	endif
  3163   00441C                     	if	1	;Program memory is > 0xFFFF, there are 3 active tblptr bytes
  3164   00441C  0E00               	movlw	low (__smallconst shr (0+16))
  3165   00441E  6EF8               	movwf	tblptru,c
  3166   004420                     	endif
  3167   004420  0008               	tblrd		*
  3168   004422  50F5               	movf	tablat,w,c
  3169   004424  0A64               	xorlw	100
  3170   004426  B4D8               	btfsc	status,2,c
  3171   004428  EF18  F022         	goto	u1231
  3172   00442C  EF1A  F022         	goto	u1230
  3173   004430                     u1231:
  3174   004430  EF2B  F022         	goto	l2052
  3175   004434                     u1230:
  3176   004434  0060  F0A3  FFF6   	movff	vfpfcnvrt@cp,tblptrl
  3177   00443A                     	if	1	;There is more than 1 active tblptr byte
  3178   00443A  0E20               	movlw	high __smallconst
  3179   00443C  6EF7               	movwf	tblptrh,c
  3180   00443E                     	endif
  3181   00443E                     	if	0	;tblptru may be non-zero
  3182   00443E                     	endif
  3183   00443E                     	if	1	;Program memory is > 0xFFFF, there are 3 active tblptr bytes
  3184   00443E  0E00               	movlw	low (__smallconst shr (0+16))
  3185   004440  6EF8               	movwf	tblptru,c
  3186   004442                     	endif
  3187   004442  0008               	tblrd		*
  3188   004444  50F5               	movf	tablat,w,c
  3189   004446  0A69               	xorlw	105
  3190   004448  A4D8               	btfss	status,2,c
  3191   00444A  EF29  F022         	goto	u1241
  3192   00444E  EF2B  F022         	goto	u1240
  3193   004452                     u1241:
  3194   004452  EF48  F022         	goto	l2060
  3195   004456                     u1240:
  3196   004456                     l2052:
  3197                           
  3198                           ;C:\Program Files\Microchip\xc8\v3.10\pic\sources\c99\common\doprnt.c: 1404:    convarg.
      +                          sint = (vfpf_sint_t)(int)(*(int *)__va_arg(*(int **)ap, (int)0));
  3199   004456  5022               	movf	vfpfcnvrt@ap^0,w,c
  3200   004458  6ED9               	movwf	fsr2l,c
  3201   00445A  6ADA               	clrf	fsr2h,c
  3202   00445C  0E02               	movlw	2
  3203   00445E  26DF               	addwf	indf2,f,c
  3204   004460  5CDF               	subwf	indf2,w,c
  3205   004462  6ED9               	movwf	fsr2l,c
  3206   004464  6ADA               	clrf	fsr2h,c
  3207   004466  006F FF78  F024    	movff	postinc2,vfpfcnvrt@convarg
  3208   00446C  006F FF78  F025    	movff	postinc2,vfpfcnvrt@convarg+1
  3209   004472                     
  3210                           ;C:\Program Files\Microchip\xc8\v3.10\pic\sources\c99\common\doprnt.c: 1406:    *fmt = c
      +                          p+1;
  3211   004472  5021               	movf	vfpfcnvrt@fmt^0,w,c
  3212   004474  6ED9               	movwf	fsr2l,c
  3213   004476  6ADA               	clrf	fsr2h,c
  3214   004478  2828               	incf	vfpfcnvrt@cp^0,w,c
  3215   00447A  6EDF               	movwf	indf2,c
  3216   00447C                     
  3217                           ;C:\Program Files\Microchip\xc8\v3.10\pic\sources\c99\common\doprnt.c: 1432:    return (
      +                          void) dtoa(fp, convarg.sint);;	Return value of _vfpfcnvrt is never used
  3218   00447C  C020  F015         	movff	vfpfcnvrt@fp,dtoa@fp
  3219   004480  C024  F016         	movff	vfpfcnvrt@convarg,dtoa@d
  3220   004484  C025  F017         	movff	vfpfcnvrt@convarg+1,dtoa@d+1
  3221   004488  ECA2  F022         	call	_dtoa	;wreg free
  3222   00448C  EFA1  F022         	goto	l1046
  3223   004490                     l2060:
  3224   004490  0060  F0A3  FFF6   	movff	vfpfcnvrt@cp,tblptrl
  3225   004496                     	if	1	;There is more than 1 active tblptr byte
  3226   004496  0E20               	movlw	high __smallconst
  3227   004498  6EF7               	movwf	tblptrh,c
  3228   00449A                     	endif
  3229   00449A                     	if	0	;tblptru may be non-zero
  3230   00449A                     	endif
  3231   00449A                     	if	1	;Program memory is > 0xFFFF, there are 3 active tblptr bytes
  3232   00449A  0E00               	movlw	low (__smallconst shr (0+16))
  3233   00449C  6EF8               	movwf	tblptru,c
  3234   00449E                     	endif
  3235   00449E  0008               	tblrd		*
  3236   0044A0  50F5               	movf	tablat,w,c
  3237   0044A2  0A75               	xorlw	117
  3238   0044A4  A4D8               	btfss	status,2,c
  3239   0044A6  EF57  F022         	goto	u1251
  3240   0044AA  EF59  F022         	goto	u1250
  3241   0044AE                     u1251:
  3242   0044AE  EF87  F022         	goto	l2074
  3243   0044B2                     u1250:
  3244   0044B2                     
  3245                           ;C:\Program Files\Microchip\xc8\v3.10\pic\sources\c99\common\doprnt.c: 1452:     ) {;C:\
      +                          Program Files\Microchip\xc8\v3.10\pic\sources\c99\common\doprnt.c: 1495:    convarg.uint
      +                           = (vfpf_uint_t)(unsigned int)(*(unsigned int *)__va_arg(*(unsigned int **)ap, (unsigned
      +                           int)0));
  3246   0044B2  5022               	movf	vfpfcnvrt@ap^0,w,c
  3247   0044B4  6ED9               	movwf	fsr2l,c
  3248   0044B6  6ADA               	clrf	fsr2h,c
  3249   0044B8  0E02               	movlw	2
  3250   0044BA  26DF               	addwf	indf2,f,c
  3251   0044BC  5CDF               	subwf	indf2,w,c
  3252   0044BE  6ED9               	movwf	fsr2l,c
  3253   0044C0  6ADA               	clrf	fsr2h,c
  3254   0044C2  006F FF78  F024    	movff	postinc2,vfpfcnvrt@convarg
  3255   0044C8  006F FF78  F025    	movff	postinc2,vfpfcnvrt@convarg+1
  3256   0044CE                     
  3257                           ;C:\Program Files\Microchip\xc8\v3.10\pic\sources\c99\common\doprnt.c: 1497:    *fmt = c
      +                          p+1;
  3258   0044CE  5021               	movf	vfpfcnvrt@fmt^0,w,c
  3259   0044D0  6ED9               	movwf	fsr2l,c
  3260   0044D2  6ADA               	clrf	fsr2h,c
  3261   0044D4  2828               	incf	vfpfcnvrt@cp^0,w,c
  3262   0044D6  6EDF               	movwf	indf2,c
  3263                           
  3264                           ;C:\Program Files\Microchip\xc8\v3.10\pic\sources\c99\common\doprnt.c: 1498:    switch (
      +                          *cp) {
  3265   0044D8  EF78  F022         	goto	l2072
  3266   0044DC                     l2066:
  3267                           
  3268                           ;C:\Program Files\Microchip\xc8\v3.10\pic\sources\c99\common\doprnt.c: 1542:      return
      +                           (void) utoa(fp, convarg.uint);;	Return value of _vfpfcnvrt is never used
  3269   0044DC  C020  F015         	movff	vfpfcnvrt@fp,utoa@fp
  3270   0044E0  C024  F016         	movff	vfpfcnvrt@convarg,utoa@d
  3271   0044E4  C025  F017         	movff	vfpfcnvrt@convarg+1,utoa@d+1
  3272   0044E8  EC50  F023         	call	_utoa	;wreg free
  3273   0044EC  EFA1  F022         	goto	l1046
  3274   0044F0                     l2072:
  3275   0044F0  0060  F0A3  FFF6   	movff	vfpfcnvrt@cp,tblptrl
  3276   0044F6                     	if	1	;There is more than 1 active tblptr byte
  3277   0044F6  0E20               	movlw	high __smallconst
  3278   0044F8  6EF7               	movwf	tblptrh,c
  3279   0044FA                     	endif
  3280   0044FA                     	if	0	;tblptru may be non-zero
  3281   0044FA                     	endif
  3282   0044FA                     	if	1	;Program memory is > 0xFFFF, there are 3 active tblptr bytes
  3283   0044FA  0E00               	movlw	low (__smallconst shr (0+16))
  3284   0044FC  6EF8               	movwf	tblptru,c
  3285   0044FE                     	endif
  3286   0044FE  0008               	tblrd		*
  3287   004500  50F5               	movf	tablat,w,c
  3288                           
  3289                           ; Switch size 1, requested type "simple"
  3290                           ; Number of cases is 1, Range of values is 117 to 117
  3291                           ; switch strategies available:
  3292                           ; Name         Instructions Cycles
  3293                           ; simple_byte            4     3 (average)
  3294                           ;	Chosen strategy is simple_byte
  3295   004502  0A75               	xorlw	117	; case 117
  3296   004504  B4D8               	btfsc	status,2,c
  3297   004506  EF6E  F022         	goto	l2066
  3298   00450A  EF87  F022         	goto	l2074
  3299   00450E                     l2074:
  3300                           
  3301                           ;C:\Program Files\Microchip\xc8\v3.10\pic\sources\c99\common\doprnt.c: 1806:         ++*
      +                          fmt;
  3302   00450E  5021               	movf	vfpfcnvrt@fmt^0,w,c
  3303   004510  6ED9               	movwf	fsr2l,c
  3304   004512  6ADA               	clrf	fsr2h,c
  3305   004514  2ADF               	incf	indf2,f,c
  3306   004516  EFA1  F022         	goto	l1046
  3307   00451A                     l2078:
  3308                           
  3309                           ;C:\Program Files\Microchip\xc8\v3.10\pic\sources\c99\common\doprnt.c: 1811:     fputc((
      +                          int)(*fmt)[0], fp);
  3310   00451A  5021               	movf	vfpfcnvrt@fmt^0,w,c
  3311   00451C  6ED9               	movwf	fsr2l,c
  3312   00451E  6ADA               	clrf	fsr2h,c
  3313   004520  006F FF7F FFF6     	movff	indf2,tblptrl
  3314   004526                     	if	1	;There is more than 1 active tblptr byte
  3315   004526  0E20               	movlw	high __smallconst
  3316   004528  6EF7               	movwf	tblptrh,c
  3317   00452A                     	endif
  3318   00452A                     	if	0	;tblptru may be non-zero
  3319   00452A                     	endif
  3320   00452A                     	if	1	;Program memory is > 0xFFFF, there are 3 active tblptr bytes
  3321   00452A  0E00               	movlw	low (__smallconst shr (0+16))
  3322   00452C  6EF8               	movwf	tblptru,c
  3323   00452E                     	endif
  3324   00452E  0008               	tblrd		*
  3325   004530  50F5               	movf	tablat,w,c
  3326   004532  6E01               	movwf	fputc@c^0,c
  3327   004534  6A02               	clrf	(fputc@c+1)^0,c
  3328   004536  C020  F003         	movff	vfpfcnvrt@fp,fputc@fp
  3329   00453A  EC25  F025         	call	_fputc	;wreg free
  3330   00453E  EF87  F022         	goto	l2074
  3331   004542                     l1046:
  3332   004542  0012               	return		;funcret
  3333   004544                     __end_of_vfpfcnvrt:
  3334                           	callstack 0
  3335                           
  3336 ;; *************** function _utoa *****************
  3337 ;; Defined at:
  3338 ;;		line 1001 in file "C:\Program Files\Microchip\xc8\v3.10\pic\sources\c99\common\doprnt.c"
  3339 ;; Parameters:    Size  Location     Type
  3340 ;;  fp              1   20[COMRAM] PTR struct _IO_FILE
  3341 ;;		 -> sprintf@f(11), 
  3342 ;;  d               2   21[COMRAM] unsigned int 
  3343 ;; Auto vars:     Size  Location     Type
  3344 ;;  i               2   26[COMRAM] int 
  3345 ;;  w               2   24[COMRAM] int 
  3346 ;;  p               1   23[COMRAM] _Bool 
  3347 ;; Return value:  Size  Location     Type
  3348 ;;                  1    wreg      void 
  3349 ;; Registers used:
  3350 ;;		wreg, fsr1l, fsr1h, fsr2l, fsr2h, status,2, status,0, cstack
  3351 ;; Tracked objects:
  3352 ;;		On entry : 0/0
  3353 ;;		On exit  : 0/0
  3354 ;;		Unchanged: 0/0
  3355 ;; Data sizes:     COMRAM   BANK0   BANK1   BANK2   BANK3   BANK4   BANK5   BANK6   BANK7   BANK8   BANK9  BANK10  BANK1
      +1  BANK12  BANK13  BANK14  BANK15  BANK16  BANK17  BANK18  BANK19  BANK20  BANK21  BANK22  BANK23  BANK24  BANK25  BANK2
      +6  BANK27  BANK28  BANK29  BANK30  BANK31
  3356 ;;      Params:         3       0       0       0       0       0       0       0       0       0       0       0       
      +0       0       0       0       0       0       0       0       0       0       0       0       0       0       0       
      +0       0       0       0       0       0
  3357 ;;      Locals:         5       0       0       0       0       0       0       0       0       0       0       0       
      +0       0       0       0       0       0       0       0       0       0       0       0       0       0       0       
      +0       0       0       0       0       0
  3358 ;;      Temps:          0       0       0       0       0       0       0       0       0       0       0       0       
      +0       0       0       0       0       0       0       0       0       0       0       0       0       0       0       
      +0       0       0       0       0       0
  3359 ;;      Totals:         8       0       0       0       0       0       0       0       0       0       0       0       
      +0       0       0       0       0       0       0       0       0       0       0       0       0       0       0       
      +0       0       0       0       0       0
  3360 ;;Total ram usage:        8 bytes
  3361 ;; Hardware stack levels used: 1
  3362 ;; Hardware stack levels required when called: 2
  3363 ;; This function calls:
  3364 ;;		___lwdiv
  3365 ;;		___lwmod
  3366 ;;		_pad
  3367 ;; This function is called by:
  3368 ;;		_vfpfcnvrt
  3369 ;; This function uses a non-reentrant model
  3370 ;;
  3371                           
  3372                           	psect	text12
  3373   0046A0                     __ptext12:
  3374                           	callstack 0
  3375   0046A0                     _utoa:
  3376                           	callstack 24
  3377   0046A0                     
  3378                           ;C:\Program Files\Microchip\xc8\v3.10\pic\sources\c99\common\doprnt.c: 1001: static void
      +                           utoa(FILE *fp, vfpf_uint_t d);C:\Program Files\Microchip\xc8\v3.10\pic\sources\c99\comm
      +                          on\doprnt.c: 1002: {;C:\Program Files\Microchip\xc8\v3.10\pic\sources\c99\common\doprnt.
      +                          c: 1003:     int i, w;;C:\Program Files\Microchip\xc8\v3.10\pic\sources\c99\common\doprn
      +                          t.c: 1007:  _Bool p = 1;
  3379   0046A0  0E01               	movlw	1
  3380   0046A2  6E18               	movwf	utoa@p^0,c
  3381   0046A4                     
  3382                           ;C:\Program Files\Microchip\xc8\v3.10\pic\sources\c99\common\doprnt.c: 1019:     w = wid
      +                          th;
  3383   0046A4  C057  F019         	movff	_width,utoa@w
  3384   0046A8  C058  F01A         	movff	_width+1,utoa@w+1
  3385                           
  3386                           ;C:\Program Files\Microchip\xc8\v3.10\pic\sources\c99\common\doprnt.c: 1022:     i = siz
      +                          eof(dbuf) - 1;
  3387   0046AC  6A1C               	clrf	(utoa@i+1)^0,c
  3388   0046AE  0E1F               	movlw	31
  3389   0046B0  6E1B               	movwf	utoa@i^0,c
  3390   0046B2                     
  3391                           ;C:\Program Files\Microchip\xc8\v3.10\pic\sources\c99\common\doprnt.c: 1023:     dbuf[i]
      +                           = '\0';
  3392   0046B2  0100               	movlb	0	; () banked
  3393   0046B4  6BC6               	clrf	(_dbuf+31)& (0+255),b
  3394                           
  3395                           ;C:\Program Files\Microchip\xc8\v3.10\pic\sources\c99\common\doprnt.c: 1024:     while (
      +                          i && (d != 0
  3396   0046B6  EF81  F023         	goto	l1976
  3397   0046BA                     l1966:
  3398                           
  3399                           ;C:\Program Files\Microchip\xc8\v3.10\pic\sources\c99\common\doprnt.c: 1033:     )) {;C:
      +                          \Program Files\Microchip\xc8\v3.10\pic\sources\c99\common\doprnt.c: 1034:         --i;
  3400   0046BA  061B               	decf	utoa@i^0,f,c
  3401   0046BC  A0D8               	btfss	status,0,c
  3402   0046BE  061C               	decf	(utoa@i+1)^0,f,c
  3403   0046C0                     
  3404                           ;C:\Program Files\Microchip\xc8\v3.10\pic\sources\c99\common\doprnt.c: 1035:         dbu
      +                          f[i] = '0' + (d % 10);
  3405   0046C0  501B               	movf	utoa@i^0,w,c
  3406   0046C2  0FA7               	addlw	low _dbuf
  3407   0046C4  6ED9               	movwf	fsr2l,c
  3408   0046C6  6ADA               	clrf	fsr2h,c
  3409   0046C8  C016  F001         	movff	utoa@d,___lwmod@dividend
  3410   0046CC  C017  F002         	movff	utoa@d+1,___lwmod@dividend+1
  3411   0046D0  6A04               	clrf	(___lwmod@divisor+1)^0,c
  3412   0046D2  0E0A               	movlw	10
  3413   0046D4  6E03               	movwf	___lwmod@divisor^0,c
  3414   0046D6  ECAF  F027         	call	___lwmod	;wreg free
  3415   0046DA  5001               	movf	?___lwmod^0,w,c
  3416   0046DC  0F30               	addlw	48
  3417   0046DE  6EDF               	movwf	indf2,c
  3418   0046E0                     
  3419                           ;C:\Program Files\Microchip\xc8\v3.10\pic\sources\c99\common\doprnt.c: 1039:   p = 0;
  3420   0046E0  6A18               	clrf	utoa@p^0,c
  3421   0046E2                     
  3422                           ;C:\Program Files\Microchip\xc8\v3.10\pic\sources\c99\common\doprnt.c: 1041:         --w
      +                          ;
  3423   0046E2  0619               	decf	utoa@w^0,f,c
  3424   0046E4  A0D8               	btfss	status,0,c
  3425   0046E6  061A               	decf	(utoa@w+1)^0,f,c
  3426   0046E8                     
  3427                           ;C:\Program Files\Microchip\xc8\v3.10\pic\sources\c99\common\doprnt.c: 1042:         d =
      +                           d / 10;
  3428   0046E8  C016  F001         	movff	utoa@d,___lwdiv@dividend
  3429   0046EC  C017  F002         	movff	utoa@d+1,___lwdiv@dividend+1
  3430   0046F0  6A04               	clrf	(___lwdiv@divisor+1)^0,c
  3431   0046F2  0E0A               	movlw	10
  3432   0046F4  6E03               	movwf	___lwdiv@divisor^0,c
  3433   0046F6  ECD4  F026         	call	___lwdiv	;wreg free
  3434   0046FA  C001  F016         	movff	?___lwdiv,utoa@d
  3435   0046FE  C002  F017         	movff	?___lwdiv+1,utoa@d+1
  3436   004702                     l1976:
  3437                           
  3438                           ;C:\Program Files\Microchip\xc8\v3.10\pic\sources\c99\common\doprnt.c: 1024:     while (
      +                          i && (d != 0
  3439   004702  501B               	movf	utoa@i^0,w,c
  3440   004704  101C               	iorwf	(utoa@i+1)^0,w,c
  3441   004706  B4D8               	btfsc	status,2,c
  3442   004708  EF88  F023         	goto	u1131
  3443   00470C  EF8A  F023         	goto	u1130
  3444   004710                     u1131:
  3445   004710  EFAF  F023         	goto	l1986
  3446   004714                     u1130:
  3447   004714  5016               	movf	utoa@d^0,w,c
  3448   004716  1017               	iorwf	(utoa@d+1)^0,w,c
  3449   004718  A4D8               	btfss	status,2,c
  3450   00471A  EF91  F023         	goto	u1141
  3451   00471E  EF93  F023         	goto	u1140
  3452   004722                     u1141:
  3453   004722  EF5D  F023         	goto	l1966
  3454   004726                     u1140:
  3455   004726  5018               	movf	utoa@p^0,w,c
  3456   004728  A4D8               	btfss	status,2,c
  3457   00472A  EF99  F023         	goto	u1151
  3458   00472E  EF9B  F023         	goto	u1150
  3459   004732                     u1151:
  3460   004732  EF5D  F023         	goto	l1966
  3461   004736                     u1150:
  3462   004736  BE1A               	btfsc	(utoa@w+1)^0,7,c
  3463   004738  EFA6  F023         	goto	u1161
  3464   00473C  501A               	movf	(utoa@w+1)^0,w,c
  3465   00473E  E108               	bnz	u1160
  3466   004740  0419               	decf	utoa@w^0,w,c
  3467   004742  A0D8               	btfss	status,0,c
  3468   004744  EFA6  F023         	goto	u1161
  3469   004748  EFA8  F023         	goto	u1160
  3470   00474C                     u1161:
  3471   00474C  EFAF  F023         	goto	l1986
  3472   004750                     u1160:
  3473   004750  B25B               	btfsc	_flags^0,1,c
  3474   004752  EFAD  F023         	goto	u1171
  3475   004756  EFAF  F023         	goto	u1170
  3476   00475A                     u1171:
  3477   00475A  EF5D  F023         	goto	l1966
  3478   00475E                     u1170:
  3479   00475E                     l1986:
  3480                           
  3481                           ;C:\Program Files\Microchip\xc8\v3.10\pic\sources\c99\common\doprnt.c: 1046:     return 
      +                          (void) pad(fp, &dbuf[i], w);
  3482   00475E  C015  F00E         	movff	utoa@fp,pad@fp
  3483   004762  501B               	movf	utoa@i^0,w,c
  3484   004764  0FA7               	addlw	low _dbuf
  3485   004766  6E0F               	movwf	pad@buf^0,c
  3486   004768  C019  F010         	movff	utoa@w,pad@p
  3487   00476C  C01A  F011         	movff	utoa@w+1,pad@p+1
  3488   004770  EC18  F026         	call	_pad	;wreg free
  3489   004774  0012               	return		;funcret
  3490   004776                     __end_of_utoa:
  3491                           	callstack 0
  3492                           
  3493 ;; *************** function ___lwmod *****************
  3494 ;; Defined at:
  3495 ;;		line 7 in file "C:\Program Files\Microchip\xc8\v3.10\pic\sources\c99\common\lwmod.c"
  3496 ;; Parameters:    Size  Location     Type
  3497 ;;  dividend        2    0[COMRAM] unsigned int 
  3498 ;;  divisor         2    2[COMRAM] unsigned int 
  3499 ;; Auto vars:     Size  Location     Type
  3500 ;;  counter         1    4[COMRAM] unsigned char 
  3501 ;; Return value:  Size  Location     Type
  3502 ;;                  2    0[COMRAM] unsigned int 
  3503 ;; Registers used:
  3504 ;;		wreg, status,2, status,0
  3505 ;; Tracked objects:
  3506 ;;		On entry : 0/0
  3507 ;;		On exit  : 0/0
  3508 ;;		Unchanged: 0/0
  3509 ;; Data sizes:     COMRAM   BANK0   BANK1   BANK2   BANK3   BANK4   BANK5   BANK6   BANK7   BANK8   BANK9  BANK10  BANK1
      +1  BANK12  BANK13  BANK14  BANK15  BANK16  BANK17  BANK18  BANK19  BANK20  BANK21  BANK22  BANK23  BANK24  BANK25  BANK2
      +6  BANK27  BANK28  BANK29  BANK30  BANK31
  3510 ;;      Params:         4       0       0       0       0       0       0       0       0       0       0       0       
      +0       0       0       0       0       0       0       0       0       0       0       0       0       0       0       
      +0       0       0       0       0       0
  3511 ;;      Locals:         1       0       0       0       0       0       0       0       0       0       0       0       
      +0       0       0       0       0       0       0       0       0       0       0       0       0       0       0       
      +0       0       0       0       0       0
  3512 ;;      Temps:          0       0       0       0       0       0       0       0       0       0       0       0       
      +0       0       0       0       0       0       0       0       0       0       0       0       0       0       0       
      +0       0       0       0       0       0
  3513 ;;      Totals:         5       0       0       0       0       0       0       0       0       0       0       0       
      +0       0       0       0       0       0       0       0       0       0       0       0       0       0       0       
      +0       0       0       0       0       0
  3514 ;;Total ram usage:        5 bytes
  3515 ;; Hardware stack levels used: 1
  3516 ;; Hardware stack levels required when called: 1
  3517 ;; This function calls:
  3518 ;;		Nothing
  3519 ;; This function is called by:
  3520 ;;		_utoa
  3521 ;; This function uses a non-reentrant model
  3522 ;;
  3523                           
  3524                           	psect	text13
  3525   004F5E                     __ptext13:
  3526                           	callstack 0
  3527   004F5E                     ___lwmod:
  3528                           	callstack 24
  3529   004F5E  5003               	movf	___lwmod@divisor^0,w,c
  3530   004F60  1004               	iorwf	(___lwmod@divisor+1)^0,w,c
  3531   004F62  B4D8               	btfsc	status,2,c
  3532   004F64  EFB6  F027         	goto	u961
  3533   004F68  EFB8  F027         	goto	u960
  3534   004F6C                     u961:
  3535   004F6C  EFDC  F027         	goto	l788
  3536   004F70                     u960:
  3537   004F70  0E01               	movlw	1
  3538   004F72  6E05               	movwf	___lwmod@counter^0,c
  3539   004F74  EFC0  F027         	goto	l1884
  3540   004F78                     l1882:
  3541   004F78  90D8               	bcf	status,0,c
  3542   004F7A  3603               	rlcf	___lwmod@divisor^0,f,c
  3543   004F7C  3604               	rlcf	(___lwmod@divisor+1)^0,f,c
  3544   004F7E  2A05               	incf	___lwmod@counter^0,f,c
  3545   004F80                     l1884:
  3546   004F80  AE04               	btfss	(___lwmod@divisor+1)^0,7,c
  3547   004F82  EFC5  F027         	goto	u971
  3548   004F86  EFC7  F027         	goto	u970
  3549   004F8A                     u971:
  3550   004F8A  EFBC  F027         	goto	l1882
  3551   004F8E                     u970:
  3552   004F8E                     l1886:
  3553   004F8E  5003               	movf	___lwmod@divisor^0,w,c
  3554   004F90  5C01               	subwf	___lwmod@dividend^0,w,c
  3555   004F92  5004               	movf	(___lwmod@divisor+1)^0,w,c
  3556   004F94  5802               	subwfb	(___lwmod@dividend+1)^0,w,c
  3557   004F96  A0D8               	btfss	status,0,c
  3558   004F98  EFD0  F027         	goto	u981
  3559   004F9C  EFD2  F027         	goto	u980
  3560   004FA0                     u981:
  3561   004FA0  EFD6  F027         	goto	l1890
  3562   004FA4                     u980:
  3563   004FA4  5003               	movf	___lwmod@divisor^0,w,c
  3564   004FA6  5E01               	subwf	___lwmod@dividend^0,f,c
  3565   004FA8  5004               	movf	(___lwmod@divisor+1)^0,w,c
  3566   004FAA  5A02               	subwfb	(___lwmod@dividend+1)^0,f,c
  3567   004FAC                     l1890:
  3568   004FAC  90D8               	bcf	status,0,c
  3569   004FAE  3204               	rrcf	(___lwmod@divisor+1)^0,f,c
  3570   004FB0  3203               	rrcf	___lwmod@divisor^0,f,c
  3571   004FB2  2E05               	decfsz	___lwmod@counter^0,f,c
  3572   004FB4  EFC7  F027         	goto	l1886
  3573   004FB8                     l788:
  3574   004FB8  C001  F001         	movff	___lwmod@dividend,?___lwmod
  3575   004FBC  C002  F002         	movff	___lwmod@dividend+1,?___lwmod+1
  3576   004FC0  0012               	return		;funcret
  3577   004FC2                     __end_of___lwmod:
  3578                           	callstack 0
  3579                           
  3580 ;; *************** function ___lwdiv *****************
  3581 ;; Defined at:
  3582 ;;		line 7 in file "C:\Program Files\Microchip\xc8\v3.10\pic\sources\c99\common\lwdiv.c"
  3583 ;; Parameters:    Size  Location     Type
  3584 ;;  dividend        2    0[COMRAM] unsigned int 
  3585 ;;  divisor         2    2[COMRAM] unsigned int 
  3586 ;; Auto vars:     Size  Location     Type
  3587 ;;  quotient        2    4[COMRAM] unsigned int 
  3588 ;;  counter         1    6[COMRAM] unsigned char 
  3589 ;; Return value:  Size  Location     Type
  3590 ;;                  2    0[COMRAM] unsigned int 
  3591 ;; Registers used:
  3592 ;;		wreg, status,2, status,0
  3593 ;; Tracked objects:
  3594 ;;		On entry : 0/0
  3595 ;;		On exit  : 0/0
  3596 ;;		Unchanged: 0/0
  3597 ;; Data sizes:     COMRAM   BANK0   BANK1   BANK2   BANK3   BANK4   BANK5   BANK6   BANK7   BANK8   BANK9  BANK10  BANK1
      +1  BANK12  BANK13  BANK14  BANK15  BANK16  BANK17  BANK18  BANK19  BANK20  BANK21  BANK22  BANK23  BANK24  BANK25  BANK2
      +6  BANK27  BANK28  BANK29  BANK30  BANK31
  3598 ;;      Params:         4       0       0       0       0       0       0       0       0       0       0       0       
      +0       0       0       0       0       0       0       0       0       0       0       0       0       0       0       
      +0       0       0       0       0       0
  3599 ;;      Locals:         3       0       0       0       0       0       0       0       0       0       0       0       
      +0       0       0       0       0       0       0       0       0       0       0       0       0       0       0       
      +0       0       0       0       0       0
  3600 ;;      Temps:          0       0       0       0       0       0       0       0       0       0       0       0       
      +0       0       0       0       0       0       0       0       0       0       0       0       0       0       0       
      +0       0       0       0       0       0
  3601 ;;      Totals:         7       0       0       0       0       0       0       0       0       0       0       0       
      +0       0       0       0       0       0       0       0       0       0       0       0       0       0       0       
      +0       0       0       0       0       0
  3602 ;;Total ram usage:        7 bytes
  3603 ;; Hardware stack levels used: 1
  3604 ;; Hardware stack levels required when called: 1
  3605 ;; This function calls:
  3606 ;;		Nothing
  3607 ;; This function is called by:
  3608 ;;		_utoa
  3609 ;; This function uses a non-reentrant model
  3610 ;;
  3611                           
  3612                           	psect	text14
  3613   004DA8                     __ptext14:
  3614                           	callstack 0
  3615   004DA8                     ___lwdiv:
  3616                           	callstack 24
  3617   004DA8  6A06               	clrf	(___lwdiv@quotient+1)^0,c
  3618   004DAA  0E00               	movlw	0
  3619   004DAC  6E05               	movwf	___lwdiv@quotient^0,c
  3620   004DAE  5003               	movf	___lwdiv@divisor^0,w,c
  3621   004DB0  1004               	iorwf	(___lwdiv@divisor+1)^0,w,c
  3622   004DB2  B4D8               	btfsc	status,2,c
  3623   004DB4  EFDE  F026         	goto	u931
  3624   004DB8  EFE0  F026         	goto	u930
  3625   004DBC                     u931:
  3626   004DBC  EF08  F027         	goto	l778
  3627   004DC0                     u930:
  3628   004DC0  0E01               	movlw	1
  3629   004DC2  6E07               	movwf	___lwdiv@counter^0,c
  3630   004DC4  EFE8  F026         	goto	l1864
  3631   004DC8                     l1862:
  3632   004DC8  90D8               	bcf	status,0,c
  3633   004DCA  3603               	rlcf	___lwdiv@divisor^0,f,c
  3634   004DCC  3604               	rlcf	(___lwdiv@divisor+1)^0,f,c
  3635   004DCE  2A07               	incf	___lwdiv@counter^0,f,c
  3636   004DD0                     l1864:
  3637   004DD0  AE04               	btfss	(___lwdiv@divisor+1)^0,7,c
  3638   004DD2  EFED  F026         	goto	u941
  3639   004DD6  EFEF  F026         	goto	u940
  3640   004DDA                     u941:
  3641   004DDA  EFE4  F026         	goto	l1862
  3642   004DDE                     u940:
  3643   004DDE                     l1866:
  3644   004DDE  90D8               	bcf	status,0,c
  3645   004DE0  3605               	rlcf	___lwdiv@quotient^0,f,c
  3646   004DE2  3606               	rlcf	(___lwdiv@quotient+1)^0,f,c
  3647   004DE4  5003               	movf	___lwdiv@divisor^0,w,c
  3648   004DE6  5C01               	subwf	___lwdiv@dividend^0,w,c
  3649   004DE8  5004               	movf	(___lwdiv@divisor+1)^0,w,c
  3650   004DEA  5802               	subwfb	(___lwdiv@dividend+1)^0,w,c
  3651   004DEC  A0D8               	btfss	status,0,c
  3652   004DEE  EFFB  F026         	goto	u951
  3653   004DF2  EFFD  F026         	goto	u950
  3654   004DF6                     u951:
  3655   004DF6  EF02  F027         	goto	l1874
  3656   004DFA                     u950:
  3657   004DFA  5003               	movf	___lwdiv@divisor^0,w,c
  3658   004DFC  5E01               	subwf	___lwdiv@dividend^0,f,c
  3659   004DFE  5004               	movf	(___lwdiv@divisor+1)^0,w,c
  3660   004E00  5A02               	subwfb	(___lwdiv@dividend+1)^0,f,c
  3661   004E02  8005               	bsf	___lwdiv@quotient^0,0,c
  3662   004E04                     l1874:
  3663   004E04  90D8               	bcf	status,0,c
  3664   004E06  3204               	rrcf	(___lwdiv@divisor+1)^0,f,c
  3665   004E08  3203               	rrcf	___lwdiv@divisor^0,f,c
  3666   004E0A  2E07               	decfsz	___lwdiv@counter^0,f,c
  3667   004E0C  EFEF  F026         	goto	l1866
  3668   004E10                     l778:
  3669   004E10  C005  F001         	movff	___lwdiv@quotient,?___lwdiv
  3670   004E14  C006  F002         	movff	___lwdiv@quotient+1,?___lwdiv+1
  3671   004E18  0012               	return		;funcret
  3672   004E1A                     __end_of___lwdiv:
  3673                           	callstack 0
  3674                           
  3675 ;; *************** function _read_prec_or_width *****************
  3676 ;; Defined at:
  3677 ;;		line 1158 in file "C:\Program Files\Microchip\xc8\v3.10\pic\sources\c99\common\doprnt.c"
  3678 ;; Parameters:    Size  Location     Type
  3679 ;;  fmt             1    0[COMRAM] PTR PTR const unsigned c
  3680 ;;		 -> vfprintf@cfmt(1), 
  3681 ;;  ap              1    1[COMRAM] PTR PTR void [1]
  3682 ;;		 -> sprintf@ap(1), 
  3683 ;; Auto vars:     Size  Location     Type
  3684 ;;  c               1    4[COMRAM] unsigned char 
  3685 ;;  n               2    5[COMRAM] int 
  3686 ;; Return value:  Size  Location     Type
  3687 ;;                  2    0[COMRAM] int 
  3688 ;; Registers used:
  3689 ;;		wreg, fsr2l, fsr2h, status,2, status,0, tblptrl, tblptrh, tblptru, prodl, prodh
  3690 ;; Tracked objects:
  3691 ;;		On entry : 0/0
  3692 ;;		On exit  : 0/0
  3693 ;;		Unchanged: 0/0
  3694 ;; Data sizes:     COMRAM   BANK0   BANK1   BANK2   BANK3   BANK4   BANK5   BANK6   BANK7   BANK8   BANK9  BANK10  BANK1
      +1  BANK12  BANK13  BANK14  BANK15  BANK16  BANK17  BANK18  BANK19  BANK20  BANK21  BANK22  BANK23  BANK24  BANK25  BANK2
      +6  BANK27  BANK28  BANK29  BANK30  BANK31
  3695 ;;      Params:         2       0       0       0       0       0       0       0       0       0       0       0       
      +0       0       0       0       0       0       0       0       0       0       0       0       0       0       0       
      +0       0       0       0       0       0
  3696 ;;      Locals:         3       0       0       0       0       0       0       0       0       0       0       0       
      +0       0       0       0       0       0       0       0       0       0       0       0       0       0       0       
      +0       0       0       0       0       0
  3697 ;;      Temps:          2       0       0       0       0       0       0       0       0       0       0       0       
      +0       0       0       0       0       0       0       0       0       0       0       0       0       0       0       
      +0       0       0       0       0       0
  3698 ;;      Totals:         7       0       0       0       0       0       0       0       0       0       0       0       
      +0       0       0       0       0       0       0       0       0       0       0       0       0       0       0       
      +0       0       0       0       0       0
  3699 ;;Total ram usage:        7 bytes
  3700 ;; Hardware stack levels used: 1
  3701 ;; Hardware stack levels required when called: 1
  3702 ;; This function calls:
  3703 ;;		Nothing
  3704 ;; This function is called by:
  3705 ;;		_vfpfcnvrt
  3706 ;; This function uses a non-reentrant model
  3707 ;;
  3708                           
  3709                           	psect	text15
  3710   004836                     __ptext15:
  3711                           	callstack 0
  3712   004836                     _read_prec_or_width:
  3713                           	callstack 25
  3714   004836                     
  3715                           ;C:\Program Files\Microchip\xc8\v3.10\pic\sources\c99\common\doprnt.c: 1159:     int n =
      +                           0;
  3716   004836  6A07               	clrf	(read_prec_or_width@n+1)^0,c
  3717   004838  0E00               	movlw	0
  3718   00483A  6E06               	movwf	read_prec_or_width@n^0,c
  3719   00483C                     
  3720                           ;C:\Program Files\Microchip\xc8\v3.10\pic\sources\c99\common\doprnt.c: 1160:     if ((*f
      +                          mt)[0] == '*') {
  3721   00483C  5001               	movf	read_prec_or_width@fmt^0,w,c
  3722   00483E  6ED9               	movwf	fsr2l,c
  3723   004840  6ADA               	clrf	fsr2h,c
  3724   004842  006F FF7F FFF6     	movff	indf2,tblptrl
  3725   004848                     	if	1	;There is more than 1 active tblptr byte
  3726   004848  0E20               	movlw	high __smallconst
  3727   00484A  6EF7               	movwf	tblptrh,c
  3728   00484C                     	endif
  3729   00484C                     	if	0	;tblptru may be non-zero
  3730   00484C                     	endif
  3731   00484C                     	if	1	;Program memory is > 0xFFFF, there are 3 active tblptr bytes
  3732   00484C  0E00               	movlw	low (__smallconst shr (0+16))
  3733   00484E  6EF8               	movwf	tblptru,c
  3734   004850                     	endif
  3735   004850  0008               	tblrd		*
  3736   004852  50F5               	movf	tablat,w,c
  3737   004854  0A2A               	xorlw	42
  3738   004856  A4D8               	btfss	status,2,c
  3739   004858  EF30  F024         	goto	u1181
  3740   00485C  EF32  F024         	goto	u1180
  3741   004860                     u1181:
  3742   004860  EF5B  F024         	goto	l2002
  3743   004864                     u1180:
  3744   004864                     
  3745                           ;C:\Program Files\Microchip\xc8\v3.10\pic\sources\c99\common\doprnt.c: 1161:         ++*
      +                          fmt;
  3746   004864  5001               	movf	read_prec_or_width@fmt^0,w,c
  3747   004866  6ED9               	movwf	fsr2l,c
  3748   004868  6ADA               	clrf	fsr2h,c
  3749   00486A  2ADF               	incf	indf2,f,c
  3750   00486C                     
  3751                           ;C:\Program Files\Microchip\xc8\v3.10\pic\sources\c99\common\doprnt.c: 1162:         n =
      +                           (*(int *)__va_arg(*(int **)*ap, (int)0));
  3752   00486C  5002               	movf	read_prec_or_width@ap^0,w,c
  3753   00486E  6ED9               	movwf	fsr2l,c
  3754   004870  6ADA               	clrf	fsr2h,c
  3755   004872  0E02               	movlw	2
  3756   004874  26DF               	addwf	indf2,f,c
  3757   004876  5CDF               	subwf	indf2,w,c
  3758   004878  6ED9               	movwf	fsr2l,c
  3759   00487A  6ADA               	clrf	fsr2h,c
  3760   00487C  006F FF78  F006    	movff	postinc2,read_prec_or_width@n
  3761   004882  006F FF78  F007    	movff	postinc2,read_prec_or_width@n+1
  3762                           
  3763                           ;C:\Program Files\Microchip\xc8\v3.10\pic\sources\c99\common\doprnt.c: 1163:     } else 
      +                          {
  3764   004888  EF71  F024         	goto	l1027
  3765   00488C                     l1998:
  3766                           
  3767                           ;C:\Program Files\Microchip\xc8\v3.10\pic\sources\c99\common\doprnt.c: 1166:            
      +                           n = n * 10 + c;
  3768   00488C  0E0A               	movlw	10
  3769   00488E  0206               	mulwf	read_prec_or_width@n^0,c
  3770   004890  006F FFCC  F003    	movff	prodl,??_read_prec_or_width
  3771   004896  006F FFD0  F004    	movff	prodh,??_read_prec_or_width+1
  3772   00489C  0207               	mulwf	(read_prec_or_width@n+1)^0,c
  3773   00489E  50F3               	movf	prodl,w,c
  3774   0048A0  2604               	addwf	(??_read_prec_or_width+1)^0,f,c
  3775   0048A2  5005               	movf	read_prec_or_width@c^0,w,c
  3776   0048A4  2403               	addwf	??_read_prec_or_width^0,w,c
  3777   0048A6  6E06               	movwf	read_prec_or_width@n^0,c
  3778   0048A8  0E00               	movlw	0
  3779   0048AA  2004               	addwfc	(??_read_prec_or_width+1)^0,w,c
  3780   0048AC  6E07               	movwf	(read_prec_or_width@n+1)^0,c
  3781   0048AE                     
  3782                           ;C:\Program Files\Microchip\xc8\v3.10\pic\sources\c99\common\doprnt.c: 1167:            
      +                           ++*fmt;
  3783   0048AE  5001               	movf	read_prec_or_width@fmt^0,w,c
  3784   0048B0  6ED9               	movwf	fsr2l,c
  3785   0048B2  6ADA               	clrf	fsr2h,c
  3786   0048B4  2ADF               	incf	indf2,f,c
  3787   0048B6                     l2002:
  3788                           
  3789                           ;C:\Program Files\Microchip\xc8\v3.10\pic\sources\c99\common\doprnt.c: 1165:         whi
      +                          le ((c = ((unsigned)(*fmt)[0]) - '0') < 10) {
  3790   0048B6  5001               	movf	read_prec_or_width@fmt^0,w,c
  3791   0048B8  6ED9               	movwf	fsr2l,c
  3792   0048BA  6ADA               	clrf	fsr2h,c
  3793   0048BC  006F FF7F FFF6     	movff	indf2,tblptrl
  3794   0048C2                     	if	1	;There is more than 1 active tblptr byte
  3795   0048C2  0E20               	movlw	high __smallconst
  3796   0048C4  6EF7               	movwf	tblptrh,c
  3797   0048C6                     	endif
  3798   0048C6                     	if	0	;tblptru may be non-zero
  3799   0048C6                     	endif
  3800   0048C6                     	if	1	;Program memory is > 0xFFFF, there are 3 active tblptr bytes
  3801   0048C6  0E00               	movlw	low (__smallconst shr (0+16))
  3802   0048C8  6EF8               	movwf	tblptru,c
  3803   0048CA                     	endif
  3804   0048CA  0008               	tblrd		*
  3805   0048CC  50F5               	movf	tablat,w,c
  3806   0048CE  0FD0               	addlw	208
  3807   0048D0  6E05               	movwf	read_prec_or_width@c^0,c
  3808   0048D2  0E09               	movlw	9
  3809   0048D4  6405               	cpfsgt	read_prec_or_width@c^0,c
  3810   0048D6  EF6F  F024         	goto	u1191
  3811   0048DA  EF71  F024         	goto	u1190
  3812   0048DE                     u1191:
  3813   0048DE  EF46  F024         	goto	l1998
  3814   0048E2                     u1190:
  3815   0048E2                     l1027:
  3816                           
  3817                           ;C:\Program Files\Microchip\xc8\v3.10\pic\sources\c99\common\doprnt.c: 1170:     return 
      +                          n;
  3818   0048E2  C006  F001         	movff	read_prec_or_width@n,?_read_prec_or_width
  3819   0048E6  C007  F002         	movff	read_prec_or_width@n+1,?_read_prec_or_width+1
  3820   0048EA  0012               	return		;funcret
  3821   0048EC                     __end_of_read_prec_or_width:
  3822                           	callstack 0
  3823                           
  3824 ;; *************** function _dtoa *****************
  3825 ;; Defined at:
  3826 ;;		line 513 in file "C:\Program Files\Microchip\xc8\v3.10\pic\sources\c99\common\doprnt.c"
  3827 ;; Parameters:    Size  Location     Type
  3828 ;;  fp              1   20[COMRAM] PTR struct _IO_FILE
  3829 ;;		 -> sprintf@f(11), 
  3830 ;;  d               2   21[COMRAM] int 
  3831 ;; Auto vars:     Size  Location     Type
  3832 ;;  i               2   29[COMRAM] int 
  3833 ;;  w               2   26[COMRAM] int 
  3834 ;;  s               1   28[COMRAM] unsigned char 
  3835 ;;  p               1   25[COMRAM] _Bool 
  3836 ;; Return value:  Size  Location     Type
  3837 ;;                  1    wreg      void 
  3838 ;; Registers used:
  3839 ;;		wreg, fsr1l, fsr1h, fsr2l, fsr2h, status,2, status,0, cstack
  3840 ;; Tracked objects:
  3841 ;;		On entry : 0/0
  3842 ;;		On exit  : 0/0
  3843 ;;		Unchanged: 0/0
  3844 ;; Data sizes:     COMRAM   BANK0   BANK1   BANK2   BANK3   BANK4   BANK5   BANK6   BANK7   BANK8   BANK9  BANK10  BANK1
      +1  BANK12  BANK13  BANK14  BANK15  BANK16  BANK17  BANK18  BANK19  BANK20  BANK21  BANK22  BANK23  BANK24  BANK25  BANK2
      +6  BANK27  BANK28  BANK29  BANK30  BANK31
  3845 ;;      Params:         3       0       0       0       0       0       0       0       0       0       0       0       
      +0       0       0       0       0       0       0       0       0       0       0       0       0       0       0       
      +0       0       0       0       0       0
  3846 ;;      Locals:         8       0       0       0       0       0       0       0       0       0       0       0       
      +0       0       0       0       0       0       0       0       0       0       0       0       0       0       0       
      +0       0       0       0       0       0
  3847 ;;      Temps:          0       0       0       0       0       0       0       0       0       0       0       0       
      +0       0       0       0       0       0       0       0       0       0       0       0       0       0       0       
      +0       0       0       0       0       0
  3848 ;;      Totals:        11       0       0       0       0       0       0       0       0       0       0       0       
      +0       0       0       0       0       0       0       0       0       0       0       0       0       0       0       
      +0       0       0       0       0       0
  3849 ;;Total ram usage:       11 bytes
  3850 ;; Hardware stack levels used: 1
  3851 ;; Hardware stack levels required when called: 4
  3852 ;; This function calls:
  3853 ;;		___awdiv
  3854 ;;		___awmod
  3855 ;;		_abs
  3856 ;;		_pad
  3857 ;; This function is called by:
  3858 ;;		_vfpfcnvrt
  3859 ;; This function uses a non-reentrant model
  3860 ;;
  3861                           
  3862                           	psect	text16
  3863   004544                     __ptext16:
  3864                           	callstack 0
  3865   004544                     _dtoa:
  3866                           	callstack 22
  3867   004544                     
  3868                           ;C:\Program Files\Microchip\xc8\v3.10\pic\sources\c99\common\doprnt.c: 513: static void 
      +                          dtoa(FILE *fp, vfpf_sint_t d);C:\Program Files\Microchip\xc8\v3.10\pic\sources\c99\commo
      +                          n\doprnt.c: 514: {;C:\Program Files\Microchip\xc8\v3.10\pic\sources\c99\common\doprnt.c:
      +                           515:  char s;;C:\Program Files\Microchip\xc8\v3.10\pic\sources\c99\common\doprnt.c: 516
      +                          :     int i, w;;C:\Program Files\Microchip\xc8\v3.10\pic\sources\c99\common\doprnt.c: 52
      +                          0:  _Bool p = 1;
  3869   004544  0E01               	movlw	1
  3870   004546  6E1A               	movwf	dtoa@p^0,c
  3871   004548                     
  3872                           ;C:\Program Files\Microchip\xc8\v3.10\pic\sources\c99\common\doprnt.c: 524:     s = d < 
      +                          0 ? 1 : 0;
  3873   004548  BE17               	btfsc	(dtoa@d+1)^0,7,c
  3874   00454A  EFA9  F022         	goto	u1031
  3875   00454E  EFAC  F022         	goto	u1030
  3876   004552                     u1031:
  3877   004552  0E01               	movlw	1
  3878   004554  EFAD  F022         	goto	u1040
  3879   004558                     u1030:
  3880   004558  0E00               	movlw	0
  3881   00455A                     u1040:
  3882   00455A  6E1D               	movwf	dtoa@s^0,c
  3883   00455C                     
  3884                           ;C:\Program Files\Microchip\xc8\v3.10\pic\sources\c99\common\doprnt.c: 535:     w = widt
      +                          h;
  3885   00455C  C057  F01B         	movff	_width,dtoa@w
  3886   004560  C058  F01C         	movff	_width+1,dtoa@w+1
  3887   004564                     
  3888                           ;C:\Program Files\Microchip\xc8\v3.10\pic\sources\c99\common\doprnt.c: 536:     if (s
  3889   004564  501D               	movf	dtoa@s^0,w,c
  3890   004566  B4D8               	btfsc	status,2,c
  3891   004568  EFB8  F022         	goto	u1051
  3892   00456C  EFBA  F022         	goto	u1050
  3893   004570                     u1051:
  3894   004570  EFCF  F022         	goto	l1000
  3895   004574                     u1050:
  3896   004574                     
  3897                           ;C:\Program Files\Microchip\xc8\v3.10\pic\sources\c99\common\doprnt.c: 540:     ) {;C:\P
      +                          rogram Files\Microchip\xc8\v3.10\pic\sources\c99\common\doprnt.c: 541:         --w;
  3898   004574  061B               	decf	dtoa@w^0,f,c
  3899   004576  A0D8               	btfss	status,0,c
  3900   004578  061C               	decf	(dtoa@w+1)^0,f,c
  3901   00457A                     
  3902                           ;C:\Program Files\Microchip\xc8\v3.10\pic\sources\c99\common\doprnt.c: 542:   s = s ? '-
      +                          ' : '+';
  3903   00457A  501D               	movf	dtoa@s^0,w,c
  3904   00457C  A4D8               	btfss	status,2,c
  3905   00457E  EFC3  F022         	goto	u1061
  3906   004582  EFC5  F022         	goto	u1060
  3907   004586                     u1061:
  3908   004586  EFCA  F022         	goto	l1924
  3909   00458A                     u1060:
  3910   00458A  6A19               	clrf	(_dtoa$1328+1)^0,c
  3911   00458C  0E2B               	movlw	43
  3912   00458E  6E18               	movwf	_dtoa$1328^0,c
  3913   004590  EFCD  F022         	goto	l1926
  3914   004594                     l1924:
  3915   004594  6A19               	clrf	(_dtoa$1328+1)^0,c
  3916   004596  0E2D               	movlw	45
  3917   004598  6E18               	movwf	_dtoa$1328^0,c
  3918   00459A                     l1926:
  3919   00459A  C018  F01D         	movff	_dtoa$1328,dtoa@s
  3920   00459E                     l1000:
  3921                           
  3922                           ;C:\Program Files\Microchip\xc8\v3.10\pic\sources\c99\common\doprnt.c: 552:     i = size
      +                          of(dbuf) - 1;
  3923   00459E  6A1F               	clrf	(dtoa@i+1)^0,c
  3924   0045A0  0E1F               	movlw	31
  3925   0045A2  6E1E               	movwf	dtoa@i^0,c
  3926   0045A4                     
  3927                           ;C:\Program Files\Microchip\xc8\v3.10\pic\sources\c99\common\doprnt.c: 553:     dbuf[i] 
      +                          = '\0';
  3928   0045A4  0100               	movlb	0	; () banked
  3929   0045A6  6BC6               	clrf	(_dbuf+31)& (0+255),b
  3930                           
  3931                           ;C:\Program Files\Microchip\xc8\v3.10\pic\sources\c99\common\doprnt.c: 554:     while (!
      +                          (i < 1) && (d != 0
  3932   0045A8  EF00  F023         	goto	l1940
  3933   0045AC                     l1930:
  3934                           
  3935                           ;C:\Program Files\Microchip\xc8\v3.10\pic\sources\c99\common\doprnt.c: 563:     )) {;C:\
      +                          Program Files\Microchip\xc8\v3.10\pic\sources\c99\common\doprnt.c: 564:         --i;
  3936   0045AC  061E               	decf	dtoa@i^0,f,c
  3937   0045AE  A0D8               	btfss	status,0,c
  3938   0045B0  061F               	decf	(dtoa@i+1)^0,f,c
  3939   0045B2                     
  3940                           ;C:\Program Files\Microchip\xc8\v3.10\pic\sources\c99\common\doprnt.c: 565:         dbuf
      +                          [i] = (char)((int)'0' + abs(d % 10));
  3941   0045B2  501E               	movf	dtoa@i^0,w,c
  3942   0045B4  0FA7               	addlw	low _dbuf
  3943   0045B6  6ED9               	movwf	fsr2l,c
  3944   0045B8  6ADA               	clrf	fsr2h,c
  3945   0045BA  C016  F001         	movff	dtoa@d,___awmod@dividend
  3946   0045BE  C017  F002         	movff	dtoa@d+1,___awmod@dividend+1
  3947   0045C2  6A04               	clrf	(___awmod@divisor+1)^0,c
  3948   0045C4  0E0A               	movlw	10
  3949   0045C6  6E03               	movwf	___awmod@divisor^0,c
  3950   0045C8  ECCE  F024         	call	___awmod	;wreg free
  3951   0045CC  C001  F00F         	movff	?___awmod,abs@a
  3952   0045D0  C002  F010         	movff	?___awmod+1,abs@a+1
  3953   0045D4  ECDB  F028         	call	_abs	;wreg free
  3954   0045D8  500F               	movf	?_abs^0,w,c
  3955   0045DA  0F30               	addlw	48
  3956   0045DC  6EDF               	movwf	indf2,c
  3957   0045DE                     
  3958                           ;C:\Program Files\Microchip\xc8\v3.10\pic\sources\c99\common\doprnt.c: 569:   p = 0;
  3959   0045DE  6A1A               	clrf	dtoa@p^0,c
  3960   0045E0                     
  3961                           ;C:\Program Files\Microchip\xc8\v3.10\pic\sources\c99\common\doprnt.c: 571:         --w;
  3962   0045E0  061B               	decf	dtoa@w^0,f,c
  3963   0045E2  A0D8               	btfss	status,0,c
  3964   0045E4  061C               	decf	(dtoa@w+1)^0,f,c
  3965   0045E6                     
  3966                           ;C:\Program Files\Microchip\xc8\v3.10\pic\sources\c99\common\doprnt.c: 572:         d = 
      +                          d / 10;
  3967   0045E6  C016  F001         	movff	dtoa@d,___awdiv@dividend
  3968   0045EA  C017  F002         	movff	dtoa@d+1,___awdiv@dividend+1
  3969   0045EE  6A04               	clrf	(___awdiv@divisor+1)^0,c
  3970   0045F0  0E0A               	movlw	10
  3971   0045F2  6E03               	movwf	___awdiv@divisor^0,c
  3972   0045F4  ECBB  F023         	call	___awdiv	;wreg free
  3973   0045F8  C001  F016         	movff	?___awdiv,dtoa@d
  3974   0045FC  C002  F017         	movff	?___awdiv+1,dtoa@d+1
  3975   004600                     l1940:
  3976                           
  3977                           ;C:\Program Files\Microchip\xc8\v3.10\pic\sources\c99\common\doprnt.c: 554:     while (!
      +                          (i < 1) && (d != 0
  3978   004600  BE1F               	btfsc	(dtoa@i+1)^0,7,c
  3979   004602  EF0B  F023         	goto	u1071
  3980   004606  501F               	movf	(dtoa@i+1)^0,w,c
  3981   004608  E108               	bnz	u1070
  3982   00460A  041E               	decf	dtoa@i^0,w,c
  3983   00460C  A0D8               	btfss	status,0,c
  3984   00460E  EF0B  F023         	goto	u1071
  3985   004612  EF0D  F023         	goto	u1070
  3986   004616                     u1071:
  3987   004616  EF32  F023         	goto	l1950
  3988   00461A                     u1070:
  3989   00461A  5016               	movf	dtoa@d^0,w,c
  3990   00461C  1017               	iorwf	(dtoa@d+1)^0,w,c
  3991   00461E  A4D8               	btfss	status,2,c
  3992   004620  EF14  F023         	goto	u1081
  3993   004624  EF16  F023         	goto	u1080
  3994   004628                     u1081:
  3995   004628  EFD6  F022         	goto	l1930
  3996   00462C                     u1080:
  3997   00462C  501A               	movf	dtoa@p^0,w,c
  3998   00462E  A4D8               	btfss	status,2,c
  3999   004630  EF1C  F023         	goto	u1091
  4000   004634  EF1E  F023         	goto	u1090
  4001   004638                     u1091:
  4002   004638  EFD6  F022         	goto	l1930
  4003   00463C                     u1090:
  4004   00463C  BE1C               	btfsc	(dtoa@w+1)^0,7,c
  4005   00463E  EF29  F023         	goto	u1101
  4006   004642  501C               	movf	(dtoa@w+1)^0,w,c
  4007   004644  E108               	bnz	u1100
  4008   004646  041B               	decf	dtoa@w^0,w,c
  4009   004648  A0D8               	btfss	status,0,c
  4010   00464A  EF29  F023         	goto	u1101
  4011   00464E  EF2B  F023         	goto	u1100
  4012   004652                     u1101:
  4013   004652  EF32  F023         	goto	l1950
  4014   004656                     u1100:
  4015   004656  B25B               	btfsc	_flags^0,1,c
  4016   004658  EF30  F023         	goto	u1111
  4017   00465C  EF32  F023         	goto	u1110
  4018   004660                     u1111:
  4019   004660  EFD6  F022         	goto	l1930
  4020   004664                     u1110:
  4021   004664                     l1950:
  4022                           
  4023                           ;C:\Program Files\Microchip\xc8\v3.10\pic\sources\c99\common\doprnt.c: 576:     if (s !=
      +                           0) {
  4024   004664  501D               	movf	dtoa@s^0,w,c
  4025   004666  B4D8               	btfsc	status,2,c
  4026   004668  EF38  F023         	goto	u1121
  4027   00466C  EF3A  F023         	goto	u1120
  4028   004670                     u1121:
  4029   004670  EF44  F023         	goto	l1956
  4030   004674                     u1120:
  4031   004674                     
  4032                           ;C:\Program Files\Microchip\xc8\v3.10\pic\sources\c99\common\doprnt.c: 577:         --i;
  4033   004674  061E               	decf	dtoa@i^0,f,c
  4034   004676  A0D8               	btfss	status,0,c
  4035   004678  061F               	decf	(dtoa@i+1)^0,f,c
  4036   00467A                     
  4037                           ;C:\Program Files\Microchip\xc8\v3.10\pic\sources\c99\common\doprnt.c: 578:         dbuf
      +                          [i] = s;
  4038   00467A  501E               	movf	dtoa@i^0,w,c
  4039   00467C  0FA7               	addlw	low _dbuf
  4040   00467E  6ED9               	movwf	fsr2l,c
  4041   004680  6ADA               	clrf	fsr2h,c
  4042   004682  0060  F077  FFDF   	movff	dtoa@s,indf2
  4043   004688                     l1956:
  4044                           
  4045                           ;C:\Program Files\Microchip\xc8\v3.10\pic\sources\c99\common\doprnt.c: 582:     return (
      +                          void) pad(fp, &dbuf[i], w);
  4046   004688  C015  F00E         	movff	dtoa@fp,pad@fp
  4047   00468C  501E               	movf	dtoa@i^0,w,c
  4048   00468E  0FA7               	addlw	low _dbuf
  4049   004690  6E0F               	movwf	pad@buf^0,c
  4050   004692  C01B  F010         	movff	dtoa@w,pad@p
  4051   004696  C01C  F011         	movff	dtoa@w+1,pad@p+1
  4052   00469A  EC18  F026         	call	_pad	;wreg free
  4053   00469E  0012               	return		;funcret
  4054   0046A0                     __end_of_dtoa:
  4055                           	callstack 0
  4056                           
  4057 ;; *************** function _pad *****************
  4058 ;; Defined at:
  4059 ;;		line 193 in file "C:\Program Files\Microchip\xc8\v3.10\pic\sources\c99\common\doprnt.c"
  4060 ;; Parameters:    Size  Location     Type
  4061 ;;  fp              1   13[COMRAM] PTR struct _IO_FILE
  4062 ;;		 -> sprintf@f(11), 
  4063 ;;  buf             1   14[COMRAM] PTR unsigned char 
  4064 ;;		 -> dbuf(32), 
  4065 ;;  p               2   15[COMRAM] int 
  4066 ;; Auto vars:     Size  Location     Type
  4067 ;;  i               2   18[COMRAM] int 
  4068 ;; Return value:  Size  Location     Type
  4069 ;;                  1    wreg      void 
  4070 ;; Registers used:
  4071 ;;		wreg, fsr1l, fsr1h, fsr2l, fsr2h, status,2, status,0, cstack
  4072 ;; Tracked objects:
  4073 ;;		On entry : 0/0
  4074 ;;		On exit  : 0/0
  4075 ;;		Unchanged: 0/0
  4076 ;; Data sizes:     COMRAM   BANK0   BANK1   BANK2   BANK3   BANK4   BANK5   BANK6   BANK7   BANK8   BANK9  BANK10  BANK1
      +1  BANK12  BANK13  BANK14  BANK15  BANK16  BANK17  BANK18  BANK19  BANK20  BANK21  BANK22  BANK23  BANK24  BANK25  BANK2
      +6  BANK27  BANK28  BANK29  BANK30  BANK31
  4077 ;;      Params:         4       0       0       0       0       0       0       0       0       0       0       0       
      +0       0       0       0       0       0       0       0       0       0       0       0       0       0       0       
      +0       0       0       0       0       0
  4078 ;;      Locals:         2       0       0       0       0       0       0       0       0       0       0       0       
      +0       0       0       0       0       0       0       0       0       0       0       0       0       0       0       
      +0       0       0       0       0       0
  4079 ;;      Temps:          1       0       0       0       0       0       0       0       0       0       0       0       
      +0       0       0       0       0       0       0       0       0       0       0       0       0       0       0       
      +0       0       0       0       0       0
  4080 ;;      Totals:         7       0       0       0       0       0       0       0       0       0       0       0       
      +0       0       0       0       0       0       0       0       0       0       0       0       0       0       0       
      +0       0       0       0       0       0
  4081 ;;Total ram usage:        7 bytes
  4082 ;; Hardware stack levels used: 1
  4083 ;; Hardware stack levels required when called: 1
  4084 ;; This function calls:
  4085 ;;		_fputc
  4086 ;;		_fputs
  4087 ;; This function is called by:
  4088 ;;		_dtoa
  4089 ;;		_utoa
  4090 ;; This function uses a non-reentrant model
  4091 ;;
  4092                           
  4093                           	psect	text17
  4094   004C30                     __ptext17:
  4095                           	callstack 0
  4096   004C30                     _pad:
  4097                           	callstack 24
  4098   004C30                     
  4099                           ;C:\Program Files\Microchip\xc8\v3.10\pic\sources\c99\common\doprnt.c: 193: static void 
      +                          pad(FILE *fp, char *buf, int p);C:\Program Files\Microchip\xc8\v3.10\pic\sources\c99\com
      +                          mon\doprnt.c: 194: {;C:\Program Files\Microchip\xc8\v3.10\pic\sources\c99\common\doprnt.
      +                          c: 195:     int i;;C:\Program Files\Microchip\xc8\v3.10\pic\sources\c99\common\doprnt.c:
      +                           199:     if (flags & (1 << 0)) {
  4100   004C30  A05B               	btfss	_flags^0,0,c
  4101   004C32  EF1D  F026         	goto	u991
  4102   004C36  EF1F  F026         	goto	u990
  4103   004C3A                     u991:
  4104   004C3A  EF25  F026         	goto	l1898
  4105   004C3E                     u990:
  4106   004C3E                     
  4107                           ;C:\Program Files\Microchip\xc8\v3.10\pic\sources\c99\common\doprnt.c: 200:         fput
      +                          s((const char *)buf, fp);
  4108   004C3E  C00F  F009         	movff	pad@buf,fputs@s
  4109   004C42  C00E  F00A         	movff	pad@fp,fputs@fp
  4110   004C46  EC87  F028         	call	_fputs	;wreg free
  4111   004C4A                     l1898:
  4112                           
  4113                           ;C:\Program Files\Microchip\xc8\v3.10\pic\sources\c99\common\doprnt.c: 205:  if (p < 0) 
      +                          {
  4114   004C4A  BE11               	btfsc	(pad@p+1)^0,7,c
  4115   004C4C  EF2C  F026         	goto	u1000
  4116   004C50  EF2A  F026         	goto	u1001
  4117   004C54                     u1001:
  4118   004C54  EF2F  F026         	goto	l992
  4119   004C58                     u1000:
  4120   004C58                     
  4121                           ;C:\Program Files\Microchip\xc8\v3.10\pic\sources\c99\common\doprnt.c: 206:   p = 0;
  4122   004C58  6A11               	clrf	(pad@p+1)^0,c
  4123   004C5A  0E00               	movlw	0
  4124   004C5C  6E10               	movwf	pad@p^0,c
  4125   004C5E                     l992:
  4126                           
  4127                           ;C:\Program Files\Microchip\xc8\v3.10\pic\sources\c99\common\doprnt.c: 208:     i = 0;
  4128   004C5E  6A14               	clrf	(pad@i+1)^0,c
  4129   004C60  0E00               	movlw	0
  4130   004C62  6E13               	movwf	pad@i^0,c
  4131                           
  4132                           ;C:\Program Files\Microchip\xc8\v3.10\pic\sources\c99\common\doprnt.c: 209:     while (i
      +                           < p) {
  4133   004C64  EF3D  F026         	goto	l1906
  4134   004C68                     l1902:
  4135                           
  4136                           ;C:\Program Files\Microchip\xc8\v3.10\pic\sources\c99\common\doprnt.c: 210:         fput
      +                          c(' ', fp);
  4137   004C68  6A02               	clrf	(fputc@c+1)^0,c
  4138   004C6A  0E20               	movlw	32
  4139   004C6C  6E01               	movwf	fputc@c^0,c
  4140   004C6E  C00E  F003         	movff	pad@fp,fputc@fp
  4141   004C72  EC25  F025         	call	_fputc	;wreg free
  4142   004C76                     
  4143                           ;C:\Program Files\Microchip\xc8\v3.10\pic\sources\c99\common\doprnt.c: 211:         ++i;
  4144   004C76  4A13               	infsnz	pad@i^0,f,c
  4145   004C78  2A14               	incf	(pad@i+1)^0,f,c
  4146   004C7A                     l1906:
  4147                           
  4148                           ;C:\Program Files\Microchip\xc8\v3.10\pic\sources\c99\common\doprnt.c: 209:     while (i
      +                           < p) {
  4149   004C7A  5010               	movf	pad@p^0,w,c
  4150   004C7C  5C13               	subwf	pad@i^0,w,c
  4151   004C7E  5014               	movf	(pad@i+1)^0,w,c
  4152   004C80  0A80               	xorlw	128
  4153   004C82  6E12               	movwf	??_pad^0,c
  4154   004C84  5011               	movf	(pad@p+1)^0,w,c
  4155   004C86  0A80               	xorlw	128
  4156   004C88  5812               	subwfb	??_pad^0,w,c
  4157   004C8A  A0D8               	btfss	status,0,c
  4158   004C8C  EF4A  F026         	goto	u1011
  4159   004C90  EF4C  F026         	goto	u1010
  4160   004C94                     u1011:
  4161   004C94  EF34  F026         	goto	l1902
  4162   004C98                     u1010:
  4163   004C98                     
  4164                           ;C:\Program Files\Microchip\xc8\v3.10\pic\sources\c99\common\doprnt.c: 216:     if (!(fl
      +                          ags & (1 << 0))) {
  4165   004C98  B05B               	btfsc	_flags^0,0,c
  4166   004C9A  EF51  F026         	goto	u1021
  4167   004C9E  EF53  F026         	goto	u1020
  4168   004CA2                     u1021:
  4169   004CA2  EF59  F026         	goto	l997
  4170   004CA6                     u1020:
  4171   004CA6                     
  4172                           ;C:\Program Files\Microchip\xc8\v3.10\pic\sources\c99\common\doprnt.c: 218:         fput
      +                          s((const char *)buf, fp);
  4173   004CA6  C00F  F009         	movff	pad@buf,fputs@s
  4174   004CAA  C00E  F00A         	movff	pad@fp,fputs@fp
  4175   004CAE  EC87  F028         	call	_fputs	;wreg free
  4176   004CB2                     l997:
  4177   004CB2  0012               	return		;funcret
  4178   004CB4                     __end_of_pad:
  4179                           	callstack 0
  4180                           
  4181 ;; *************** function _fputs *****************
  4182 ;; Defined at:
  4183 ;;		line 8 in file "C:\Program Files\Microchip\xc8\v3.10\pic\sources\c99\common\nf_fputs.c"
  4184 ;; Parameters:    Size  Location     Type
  4185 ;;  s               1    8[COMRAM] PTR const unsigned char 
  4186 ;;		 -> dbuf(32), 
  4187 ;;  fp              1    9[COMRAM] PTR struct _IO_FILE
  4188 ;;		 -> sprintf@f(11), 
  4189 ;; Auto vars:     Size  Location     Type
  4190 ;;  i               2   11[COMRAM] int 
  4191 ;;  c               1   10[COMRAM] unsigned char 
  4192 ;; Return value:  Size  Location     Type
  4193 ;;                  2    8[COMRAM] int 
  4194 ;; Registers used:
  4195 ;;		wreg, fsr1l, fsr1h, fsr2l, fsr2h, status,2, status,0, cstack
  4196 ;; Tracked objects:
  4197 ;;		On entry : 0/0
  4198 ;;		On exit  : 0/0
  4199 ;;		Unchanged: 0/0
  4200 ;; Data sizes:     COMRAM   BANK0   BANK1   BANK2   BANK3   BANK4   BANK5   BANK6   BANK7   BANK8   BANK9  BANK10  BANK1
      +1  BANK12  BANK13  BANK14  BANK15  BANK16  BANK17  BANK18  BANK19  BANK20  BANK21  BANK22  BANK23  BANK24  BANK25  BANK2
      +6  BANK27  BANK28  BANK29  BANK30  BANK31
  4201 ;;      Params:         2       0       0       0       0       0       0       0       0       0       0       0       
      +0       0       0       0       0       0       0       0       0       0       0       0       0       0       0       
      +0       0       0       0       0       0
  4202 ;;      Locals:         3       0       0       0       0       0       0       0       0       0       0       0       
      +0       0       0       0       0       0       0       0       0       0       0       0       0       0       0       
      +0       0       0       0       0       0
  4203 ;;      Temps:          0       0       0       0       0       0       0       0       0       0       0       0       
      +0       0       0       0       0       0       0       0       0       0       0       0       0       0       0       
      +0       0       0       0       0       0
  4204 ;;      Totals:         5       0       0       0       0       0       0       0       0       0       0       0       
      +0       0       0       0       0       0       0       0       0       0       0       0       0       0       0       
      +0       0       0       0       0       0
  4205 ;;Total ram usage:        5 bytes
  4206 ;; Hardware stack levels used: 1
  4207 ;; Hardware stack levels required when called: 2
  4208 ;; This function calls:
  4209 ;;		_fputc
  4210 ;; This function is called by:
  4211 ;;		_pad
  4212 ;; This function uses a non-reentrant model
  4213 ;;
  4214                           
  4215                           	psect	text18
  4216   00510E                     __ptext18:
  4217                           	callstack 0
  4218   00510E                     _fputs:
  4219                           	callstack 22
  4220   00510E  6A0D               	clrf	(fputs@i+1)^0,c
  4221   005110  0E00               	movlw	0
  4222   005112  6E0C               	movwf	fputs@i^0,c
  4223   005114  EF95  F028         	goto	l1770
  4224   005118                     l1766:
  4225   005118  C00B  F001         	movff	fputs@c,fputc@c
  4226   00511C  6A02               	clrf	(fputc@c+1)^0,c
  4227   00511E  C00A  F003         	movff	fputs@fp,fputc@fp
  4228   005122  EC25  F025         	call	_fputc	;wreg free
  4229   005126  4A0C               	infsnz	fputs@i^0,f,c
  4230   005128  2A0D               	incf	(fputs@i+1)^0,f,c
  4231   00512A                     l1770:
  4232   00512A  5009               	movf	fputs@s^0,w,c
  4233   00512C  240C               	addwf	fputs@i^0,w,c
  4234   00512E  6ED9               	movwf	fsr2l,c
  4235   005130  6ADA               	clrf	fsr2h,c
  4236   005132  50DF               	movf	indf2,w,c
  4237   005134  6E0B               	movwf	fputs@c^0,c
  4238   005136  500B               	movf	fputs@c^0,w,c
  4239   005138  A4D8               	btfss	status,2,c
  4240   00513A  EFA1  F028         	goto	u791
  4241   00513E  EFA3  F028         	goto	u790
  4242   005142                     u791:
  4243   005142  EF8C  F028         	goto	l1766
  4244   005146                     u790:
  4245   005146  0012               	return		;funcret
  4246   005148                     __end_of_fputs:
  4247                           	callstack 0
  4248                           
  4249 ;; *************** function _fputc *****************
  4250 ;; Defined at:
  4251 ;;		line 8 in file "C:\Program Files\Microchip\xc8\v3.10\pic\sources\c99\common\nf_fputc.c"
  4252 ;; Parameters:    Size  Location     Type
  4253 ;;  c               2    0[COMRAM] int 
  4254 ;;  fp              1    2[COMRAM] PTR struct _IO_FILE
  4255 ;;		 -> sprintf@f(11), 
  4256 ;; Auto vars:     Size  Location     Type
  4257 ;;		None
  4258 ;; Return value:  Size  Location     Type
  4259 ;;                  2    0[COMRAM] int 
  4260 ;; Registers used:
  4261 ;;		wreg, fsr1l, fsr1h, fsr2l, fsr2h, status,2, status,0, cstack
  4262 ;; Tracked objects:
  4263 ;;		On entry : 0/0
  4264 ;;		On exit  : 0/0
  4265 ;;		Unchanged: 0/0
  4266 ;; Data sizes:     COMRAM   BANK0   BANK1   BANK2   BANK3   BANK4   BANK5   BANK6   BANK7   BANK8   BANK9  BANK10  BANK1
      +1  BANK12  BANK13  BANK14  BANK15  BANK16  BANK17  BANK18  BANK19  BANK20  BANK21  BANK22  BANK23  BANK24  BANK25  BANK2
      +6  BANK27  BANK28  BANK29  BANK30  BANK31
  4267 ;;      Params:         3       0       0       0       0       0       0       0       0       0       0       0       
      +0       0       0       0       0       0       0       0       0       0       0       0       0       0       0       
      +0       0       0       0       0       0
  4268 ;;      Locals:         0       0       0       0       0       0       0       0       0       0       0       0       
      +0       0       0       0       0       0       0       0       0       0       0       0       0       0       0       
      +0       0       0       0       0       0
  4269 ;;      Temps:          5       0       0       0       0       0       0       0       0       0       0       0       
      +0       0       0       0       0       0       0       0       0       0       0       0       0       0       0       
      +0       0       0       0       0       0
  4270 ;;      Totals:         8       0       0       0       0       0       0       0       0       0       0       0       
      +0       0       0       0       0       0       0       0       0       0       0       0       0       0       0       
      +0       0       0       0       0       0
  4271 ;;Total ram usage:        8 bytes
  4272 ;; Hardware stack levels used: 1
  4273 ;; Hardware stack levels required when called: 1
  4274 ;; This function calls:
  4275 ;;		_putch
  4276 ;; This function is called by:
  4277 ;;		_pad
  4278 ;;		_vfpfcnvrt
  4279 ;;		_fputs
  4280 ;; This function uses a non-reentrant model
  4281 ;;
  4282                           
  4283                           	psect	text19
  4284   004A4A                     __ptext19:
  4285                           	callstack 0
  4286   004A4A                     _fputc:
  4287                           	callstack 22
  4288   004A4A  5003               	movf	fputc@fp^0,w,c
  4289   004A4C  B4D8               	btfsc	status,2,c
  4290   004A4E  EF2B  F025         	goto	u751
  4291   004A52  EF2D  F025         	goto	u750
  4292   004A56                     u751:
  4293   004A56  EF35  F025         	goto	l1754
  4294   004A5A                     u750:
  4295   004A5A  5003               	movf	fputc@fp^0,w,c
  4296   004A5C  A4D8               	btfss	status,2,c
  4297   004A5E  EF33  F025         	goto	u761
  4298   004A62  EF35  F025         	goto	u760
  4299   004A66                     u761:
  4300   004A66  EF3A  F025         	goto	l1756
  4301   004A6A                     u760:
  4302   004A6A                     l1754:
  4303   004A6A  5001               	movf	fputc@c^0,w,c
  4304   004A6C  EC76  F029         	call	_putch
  4305   004A70  EF7A  F025         	goto	l1070
  4306   004A74                     l1756:
  4307   004A74  5003               	movf	fputc@fp^0,w,c
  4308   004A76  6ED9               	movwf	fsr2l,c
  4309   004A78  6ADA               	clrf	fsr2h,c
  4310   004A7A  0E09               	movlw	9
  4311   004A7C  26D9               	addwf	fsr2l,f,c
  4312   004A7E  50DE               	movf	postinc2,w,c
  4313   004A80  10DE               	iorwf	postinc2,w,c
  4314   004A82  B4D8               	btfsc	status,2,c
  4315   004A84  EF46  F025         	goto	u771
  4316   004A88  EF48  F025         	goto	u770
  4317   004A8C                     u771:
  4318   004A8C  EF61  F025         	goto	l1760
  4319   004A90                     u770:
  4320   004A90  5003               	movf	fputc@fp^0,w,c
  4321   004A92  6ED9               	movwf	fsr2l,c
  4322   004A94  6ADA               	clrf	fsr2h,c
  4323   004A96  0E09               	movlw	9
  4324   004A98  26D9               	addwf	fsr2l,f,c
  4325   004A9A  5003               	movf	fputc@fp^0,w,c
  4326   004A9C  6EE1               	movwf	fsr1l,c
  4327   004A9E  6AE2               	clrf	fsr1h,c
  4328   004AA0  0E02               	movlw	2
  4329   004AA2  26E1               	addwf	fsr1l,f,c
  4330   004AA4  50DE               	movf	postinc2,w,c
  4331   004AA6  5CE6               	subwf	postinc1,w,c
  4332   004AA8  50E6               	movf	postinc1,w,c
  4333   004AAA  0A80               	xorlw	128
  4334   004AAC  6E08               	movwf	(??_fputc+4)^0,c
  4335   004AAE  50DE               	movf	postinc2,w,c
  4336   004AB0  0A80               	xorlw	128
  4337   004AB2  5808               	subwfb	(??_fputc+4)^0,w,c
  4338   004AB4  B0D8               	btfsc	status,0,c
  4339   004AB6  EF5F  F025         	goto	u781
  4340   004ABA  EF61  F025         	goto	u780
  4341   004ABE                     u781:
  4342   004ABE  EF7A  F025         	goto	l1070
  4343   004AC2                     u780:
  4344   004AC2                     l1760:
  4345   004AC2  5003               	movf	fputc@fp^0,w,c
  4346   004AC4  6ED9               	movwf	fsr2l,c
  4347   004AC6  6ADA               	clrf	fsr2h,c
  4348   004AC8  0E02               	movlw	2
  4349   004ACA  26D9               	addwf	fsr2l,f,c
  4350   004ACC  50DF               	movf	indf2,w,c
  4351   004ACE  6E04               	movwf	??_fputc^0,c
  4352   004AD0  5003               	movf	fputc@fp^0,w,c
  4353   004AD2  6ED9               	movwf	fsr2l,c
  4354   004AD4  6ADA               	clrf	fsr2h,c
  4355   004AD6  50DF               	movf	indf2,w,c
  4356   004AD8  2404               	addwf	??_fputc^0,w,c
  4357   004ADA  6ED9               	movwf	fsr2l,c
  4358   004ADC  6ADA               	clrf	fsr2h,c
  4359   004ADE  0060  F007  FFDF   	movff	fputc@c,indf2
  4360   004AE4  5003               	movf	fputc@fp^0,w,c
  4361   004AE6  6ED9               	movwf	fsr2l,c
  4362   004AE8  6ADA               	clrf	fsr2h,c
  4363   004AEA  0E02               	movlw	2
  4364   004AEC  26D9               	addwf	fsr2l,f,c
  4365   004AEE  2ADE               	incf	postinc2,f,c
  4366   004AF0  0E00               	movlw	0
  4367   004AF2  22DD               	addwfc	postdec2,f,c
  4368   004AF4                     l1070:
  4369   004AF4  0012               	return		;funcret
  4370   004AF6                     __end_of_fputc:
  4371                           	callstack 0
  4372                           
  4373 ;; *************** function _putch *****************
  4374 ;; Defined at:
  4375 ;;		line 7 in file "C:\Program Files\Microchip\xc8\v3.10\pic\sources\c99\common\putch.c"
  4376 ;; Parameters:    Size  Location     Type
  4377 ;;  c               1    wreg     unsigned char 
  4378 ;; Auto vars:     Size  Location     Type
  4379 ;;  c               1    0[COMRAM] unsigned char 
  4380 ;; Return value:  Size  Location     Type
  4381 ;;                  1    wreg      void 
  4382 ;; Registers used:
  4383 ;;		wreg
  4384 ;; Tracked objects:
  4385 ;;		On entry : 0/0
  4386 ;;		On exit  : 0/0
  4387 ;;		Unchanged: 0/0
  4388 ;; Data sizes:     COMRAM   BANK0   BANK1   BANK2   BANK3   BANK4   BANK5   BANK6   BANK7   BANK8   BANK9  BANK10  BANK1
      +1  BANK12  BANK13  BANK14  BANK15  BANK16  BANK17  BANK18  BANK19  BANK20  BANK21  BANK22  BANK23  BANK24  BANK25  BANK2
      +6  BANK27  BANK28  BANK29  BANK30  BANK31
  4389 ;;      Params:         0       0       0       0       0       0       0       0       0       0       0       0       
      +0       0       0       0       0       0       0       0       0       0       0       0       0       0       0       
      +0       0       0       0       0       0
  4390 ;;      Locals:         0       0       0       0       0       0       0       0       0       0       0       0       
      +0       0       0       0       0       0       0       0       0       0       0       0       0       0       0       
      +0       0       0       0       0       0
  4391 ;;      Temps:          0       0       0       0       0       0       0       0       0       0       0       0       
      +0       0       0       0       0       0       0       0       0       0       0       0       0       0       0       
      +0       0       0       0       0       0
  4392 ;;      Totals:         0       0       0       0       0       0       0       0       0       0       0       0       
      +0       0       0       0       0       0       0       0       0       0       0       0       0       0       0       
      +0       0       0       0       0       0
  4393 ;;Total ram usage:        0 bytes
  4394 ;; Hardware stack levels used: 1
  4395 ;; Hardware stack levels required when called: 1
  4396 ;; This function calls:
  4397 ;;		Nothing
  4398 ;; This function is called by:
  4399 ;;		_fputc
  4400 ;; This function uses a non-reentrant model
  4401 ;;
  4402                           
  4403                           	psect	text20
  4404   0052EC                     __ptext20:
  4405                           	callstack 0
  4406   0052EC                     _putch:
  4407                           	callstack 21
  4408   0052EC  0012               	return		;funcret
  4409   0052EE                     __end_of_putch:
  4410                           	callstack 0
  4411                           
  4412 ;; *************** function _abs *****************
  4413 ;; Defined at:
  4414 ;;		line 1 in file "C:\Program Files\Microchip\xc8\v3.10\pic\sources\c99\common\abs.c"
  4415 ;; Parameters:    Size  Location     Type
  4416 ;;  a               2   14[COMRAM] int 
  4417 ;; Auto vars:     Size  Location     Type
  4418 ;;		None
  4419 ;; Return value:  Size  Location     Type
  4420 ;;                  2   14[COMRAM] int 
  4421 ;; Registers used:
  4422 ;;		wreg, status,2, status,0
  4423 ;; Tracked objects:
  4424 ;;		On entry : 0/0
  4425 ;;		On exit  : 0/0
  4426 ;;		Unchanged: 0/0
  4427 ;; Data sizes:     COMRAM   BANK0   BANK1   BANK2   BANK3   BANK4   BANK5   BANK6   BANK7   BANK8   BANK9  BANK10  BANK1
      +1  BANK12  BANK13  BANK14  BANK15  BANK16  BANK17  BANK18  BANK19  BANK20  BANK21  BANK22  BANK23  BANK24  BANK25  BANK2
      +6  BANK27  BANK28  BANK29  BANK30  BANK31
  4428 ;;      Params:         2       0       0       0       0       0       0       0       0       0       0       0       
      +0       0       0       0       0       0       0       0       0       0       0       0       0       0       0       
      +0       0       0       0       0       0
  4429 ;;      Locals:         0       0       0       0       0       0       0       0       0       0       0       0       
      +0       0       0       0       0       0       0       0       0       0       0       0       0       0       0       
      +0       0       0       0       0       0
  4430 ;;      Temps:          2       0       0       0       0       0       0       0       0       0       0       0       
      +0       0       0       0       0       0       0       0       0       0       0       0       0       0       0       
      +0       0       0       0       0       0
  4431 ;;      Totals:         4       0       0       0       0       0       0       0       0       0       0       0       
      +0       0       0       0       0       0       0       0       0       0       0       0       0       0       0       
      +0       0       0       0       0       0
  4432 ;;Total ram usage:        4 bytes
  4433 ;; Hardware stack levels used: 1
  4434 ;; Hardware stack levels required when called: 1
  4435 ;; This function calls:
  4436 ;;		Nothing
  4437 ;; This function is called by:
  4438 ;;		_main
  4439 ;;		_dtoa
  4440 ;; This function uses a non-reentrant model
  4441 ;;
  4442                           
  4443                           	psect	text21
  4444   0051B6                     __ptext21:
  4445                           	callstack 0
  4446   0051B6                     _abs:
  4447                           	callstack 24
  4448   0051B6  BE10               	btfsc	(abs@a+1)^0,7,c
  4449   0051B8  EFE0  F028         	goto	u801
  4450   0051BC  EFE2  F028         	goto	u800
  4451   0051C0                     u801:
  4452   0051C0  EFE8  F028         	goto	l962
  4453   0051C4                     u800:
  4454   0051C4  C00F  F00F         	movff	abs@a,?_abs
  4455   0051C8  C010  F010         	movff	abs@a+1,?_abs+1
  4456   0051CC  EFF4  F028         	goto	l965
  4457   0051D0                     l962:
  4458   0051D0  C00F  F011         	movff	abs@a,??_abs
  4459   0051D4  C010  F012         	movff	abs@a+1,??_abs+1
  4460   0051D8  1E11               	comf	??_abs^0,f,c
  4461   0051DA  1E12               	comf	(??_abs+1)^0,f,c
  4462   0051DC  4A11               	infsnz	??_abs^0,f,c
  4463   0051DE  2A12               	incf	(??_abs+1)^0,f,c
  4464   0051E0  C011  F00F         	movff	??_abs,?_abs
  4465   0051E4  C012  F010         	movff	??_abs+1,?_abs+1
  4466   0051E8                     l965:
  4467   0051E8  0012               	return		;funcret
  4468   0051EA                     __end_of_abs:
  4469                           	callstack 0
  4470                           
  4471 ;; *************** function ___awmod *****************
  4472 ;; Defined at:
  4473 ;;		line 7 in file "C:\Program Files\Microchip\xc8\v3.10\pic\sources\c99\common\awmod.c"
  4474 ;; Parameters:    Size  Location     Type
  4475 ;;  dividend        2    0[COMRAM] int 
  4476 ;;  divisor         2    2[COMRAM] int 
  4477 ;; Auto vars:     Size  Location     Type
  4478 ;;  sign            1    5[COMRAM] unsigned char 
  4479 ;;  counter         1    4[COMRAM] unsigned char 
  4480 ;; Return value:  Size  Location     Type
  4481 ;;                  2    0[COMRAM] int 
  4482 ;; Registers used:
  4483 ;;		wreg, status,2, status,0
  4484 ;; Tracked objects:
  4485 ;;		On entry : 0/0
  4486 ;;		On exit  : 0/0
  4487 ;;		Unchanged: 0/0
  4488 ;; Data sizes:     COMRAM   BANK0   BANK1   BANK2   BANK3   BANK4   BANK5   BANK6   BANK7   BANK8   BANK9  BANK10  BANK1
      +1  BANK12  BANK13  BANK14  BANK15  BANK16  BANK17  BANK18  BANK19  BANK20  BANK21  BANK22  BANK23  BANK24  BANK25  BANK2
      +6  BANK27  BANK28  BANK29  BANK30  BANK31
  4489 ;;      Params:         4       0       0       0       0       0       0       0       0       0       0       0       
      +0       0       0       0       0       0       0       0       0       0       0       0       0       0       0       
      +0       0       0       0       0       0
  4490 ;;      Locals:         2       0       0       0       0       0       0       0       0       0       0       0       
      +0       0       0       0       0       0       0       0       0       0       0       0       0       0       0       
      +0       0       0       0       0       0
  4491 ;;      Temps:          0       0       0       0       0       0       0       0       0       0       0       0       
      +0       0       0       0       0       0       0       0       0       0       0       0       0       0       0       
      +0       0       0       0       0       0
  4492 ;;      Totals:         6       0       0       0       0       0       0       0       0       0       0       0       
      +0       0       0       0       0       0       0       0       0       0       0       0       0       0       0       
      +0       0       0       0       0       0
  4493 ;;Total ram usage:        6 bytes
  4494 ;; Hardware stack levels used: 1
  4495 ;; Hardware stack levels required when called: 1
  4496 ;; This function calls:
  4497 ;;		Nothing
  4498 ;; This function is called by:
  4499 ;;		_formatNum
  4500 ;;		_dtoa
  4501 ;; This function uses a non-reentrant model
  4502 ;;
  4503                           
  4504                           	psect	text22
  4505   00499C                     __ptext22:
  4506                           	callstack 0
  4507   00499C                     ___awmod:
  4508                           	callstack 24
  4509   00499C  6A06               	clrf	___awmod@sign^0,c
  4510   00499E  BE02               	btfsc	(___awmod@dividend+1)^0,7,c
  4511   0049A0  EFD6  F024         	goto	u870
  4512   0049A4  EFD4  F024         	goto	u871
  4513   0049A8                     u871:
  4514   0049A8  EFDC  F024         	goto	l1828
  4515   0049AC                     u870:
  4516   0049AC  6C01               	negf	___awmod@dividend^0,c
  4517   0049AE  1E02               	comf	(___awmod@dividend+1)^0,f,c
  4518   0049B0  B0D8               	btfsc	status,0,c
  4519   0049B2  2A02               	incf	(___awmod@dividend+1)^0,f,c
  4520   0049B4  0E01               	movlw	1
  4521   0049B6  6E06               	movwf	___awmod@sign^0,c
  4522   0049B8                     l1828:
  4523   0049B8  BE04               	btfsc	(___awmod@divisor+1)^0,7,c
  4524   0049BA  EFE3  F024         	goto	u880
  4525   0049BE  EFE1  F024         	goto	u881
  4526   0049C2                     u881:
  4527   0049C2  EFE7  F024         	goto	l1832
  4528   0049C6                     u880:
  4529   0049C6  6C03               	negf	___awmod@divisor^0,c
  4530   0049C8  1E04               	comf	(___awmod@divisor+1)^0,f,c
  4531   0049CA  B0D8               	btfsc	status,0,c
  4532   0049CC  2A04               	incf	(___awmod@divisor+1)^0,f,c
  4533   0049CE                     l1832:
  4534   0049CE  5003               	movf	___awmod@divisor^0,w,c
  4535   0049D0  1004               	iorwf	(___awmod@divisor+1)^0,w,c
  4536   0049D2  B4D8               	btfsc	status,2,c
  4537   0049D4  EFEE  F024         	goto	u891
  4538   0049D8  EFF0  F024         	goto	u890
  4539   0049DC                     u891:
  4540   0049DC  EF14  F025         	goto	l1848
  4541   0049E0                     u890:
  4542   0049E0  0E01               	movlw	1
  4543   0049E2  6E05               	movwf	___awmod@counter^0,c
  4544   0049E4  EFF8  F024         	goto	l1838
  4545   0049E8                     l1836:
  4546   0049E8  90D8               	bcf	status,0,c
  4547   0049EA  3603               	rlcf	___awmod@divisor^0,f,c
  4548   0049EC  3604               	rlcf	(___awmod@divisor+1)^0,f,c
  4549   0049EE  2A05               	incf	___awmod@counter^0,f,c
  4550   0049F0                     l1838:
  4551   0049F0  AE04               	btfss	(___awmod@divisor+1)^0,7,c
  4552   0049F2  EFFD  F024         	goto	u901
  4553   0049F6  EFFF  F024         	goto	u900
  4554   0049FA                     u901:
  4555   0049FA  EFF4  F024         	goto	l1836
  4556   0049FE                     u900:
  4557   0049FE                     l1840:
  4558   0049FE  5003               	movf	___awmod@divisor^0,w,c
  4559   004A00  5C01               	subwf	___awmod@dividend^0,w,c
  4560   004A02  5004               	movf	(___awmod@divisor+1)^0,w,c
  4561   004A04  5802               	subwfb	(___awmod@dividend+1)^0,w,c
  4562   004A06  A0D8               	btfss	status,0,c
  4563   004A08  EF08  F025         	goto	u911
  4564   004A0C  EF0A  F025         	goto	u910
  4565   004A10                     u911:
  4566   004A10  EF0E  F025         	goto	l1844
  4567   004A14                     u910:
  4568   004A14  5003               	movf	___awmod@divisor^0,w,c
  4569   004A16  5E01               	subwf	___awmod@dividend^0,f,c
  4570   004A18  5004               	movf	(___awmod@divisor+1)^0,w,c
  4571   004A1A  5A02               	subwfb	(___awmod@dividend+1)^0,f,c
  4572   004A1C                     l1844:
  4573   004A1C  90D8               	bcf	status,0,c
  4574   004A1E  3204               	rrcf	(___awmod@divisor+1)^0,f,c
  4575   004A20  3203               	rrcf	___awmod@divisor^0,f,c
  4576   004A22  2E05               	decfsz	___awmod@counter^0,f,c
  4577   004A24  EFFF  F024         	goto	l1840
  4578   004A28                     l1848:
  4579   004A28  5006               	movf	___awmod@sign^0,w,c
  4580   004A2A  B4D8               	btfsc	status,2,c
  4581   004A2C  EF1A  F025         	goto	u921
  4582   004A30  EF1C  F025         	goto	u920
  4583   004A34                     u921:
  4584   004A34  EF20  F025         	goto	l1852
  4585   004A38                     u920:
  4586   004A38  6C01               	negf	___awmod@dividend^0,c
  4587   004A3A  1E02               	comf	(___awmod@dividend+1)^0,f,c
  4588   004A3C  B0D8               	btfsc	status,0,c
  4589   004A3E  2A02               	incf	(___awmod@dividend+1)^0,f,c
  4590   004A40                     l1852:
  4591   004A40  C001  F001         	movff	___awmod@dividend,?___awmod
  4592   004A44  C002  F002         	movff	___awmod@dividend+1,?___awmod+1
  4593   004A48  0012               	return		;funcret
  4594   004A4A                     __end_of___awmod:
  4595                           	callstack 0
  4596                           
  4597 ;; *************** function ___awdiv *****************
  4598 ;; Defined at:
  4599 ;;		line 7 in file "C:\Program Files\Microchip\xc8\v3.10\pic\sources\c99\common\awdiv.c"
  4600 ;; Parameters:    Size  Location     Type
  4601 ;;  dividend        2    0[COMRAM] int 
  4602 ;;  divisor         2    2[COMRAM] int 
  4603 ;; Auto vars:     Size  Location     Type
  4604 ;;  quotient        2    6[COMRAM] int 
  4605 ;;  sign            1    5[COMRAM] unsigned char 
  4606 ;;  counter         1    4[COMRAM] unsigned char 
  4607 ;; Return value:  Size  Location     Type
  4608 ;;                  2    0[COMRAM] int 
  4609 ;; Registers used:
  4610 ;;		wreg, status,2, status,0
  4611 ;; Tracked objects:
  4612 ;;		On entry : 0/0
  4613 ;;		On exit  : 0/0
  4614 ;;		Unchanged: 0/0
  4615 ;; Data sizes:     COMRAM   BANK0   BANK1   BANK2   BANK3   BANK4   BANK5   BANK6   BANK7   BANK8   BANK9  BANK10  BANK1
      +1  BANK12  BANK13  BANK14  BANK15  BANK16  BANK17  BANK18  BANK19  BANK20  BANK21  BANK22  BANK23  BANK24  BANK25  BANK2
      +6  BANK27  BANK28  BANK29  BANK30  BANK31
  4616 ;;      Params:         4       0       0       0       0       0       0       0       0       0       0       0       
      +0       0       0       0       0       0       0       0       0       0       0       0       0       0       0       
      +0       0       0       0       0       0
  4617 ;;      Locals:         4       0       0       0       0       0       0       0       0       0       0       0       
      +0       0       0       0       0       0       0       0       0       0       0       0       0       0       0       
      +0       0       0       0       0       0
  4618 ;;      Temps:          0       0       0       0       0       0       0       0       0       0       0       0       
      +0       0       0       0       0       0       0       0       0       0       0       0       0       0       0       
      +0       0       0       0       0       0
  4619 ;;      Totals:         8       0       0       0       0       0       0       0       0       0       0       0       
      +0       0       0       0       0       0       0       0       0       0       0       0       0       0       0       
      +0       0       0       0       0       0
  4620 ;;Total ram usage:        8 bytes
  4621 ;; Hardware stack levels used: 1
  4622 ;; Hardware stack levels required when called: 1
  4623 ;; This function calls:
  4624 ;;		Nothing
  4625 ;; This function is called by:
  4626 ;;		_main
  4627 ;;		_mvToG
  4628 ;;		_gToMs2
  4629 ;;		_formatNum
  4630 ;;		_dtoa
  4631 ;; This function uses a non-reentrant model
  4632 ;;
  4633                           
  4634                           	psect	text23
  4635   004776                     __ptext23:
  4636                           	callstack 0
  4637   004776                     ___awdiv:
  4638                           	callstack 24
  4639   004776  6A06               	clrf	___awdiv@sign^0,c
  4640   004778  BE04               	btfsc	(___awdiv@divisor+1)^0,7,c
  4641   00477A  EFC3  F023         	goto	u810
  4642   00477E  EFC1  F023         	goto	u811
  4643   004782                     u811:
  4644   004782  EFC9  F023         	goto	l1784
  4645   004786                     u810:
  4646   004786  6C03               	negf	___awdiv@divisor^0,c
  4647   004788  1E04               	comf	(___awdiv@divisor+1)^0,f,c
  4648   00478A  B0D8               	btfsc	status,0,c
  4649   00478C  2A04               	incf	(___awdiv@divisor+1)^0,f,c
  4650   00478E  0E01               	movlw	1
  4651   004790  6E06               	movwf	___awdiv@sign^0,c
  4652   004792                     l1784:
  4653   004792  BE02               	btfsc	(___awdiv@dividend+1)^0,7,c
  4654   004794  EFD0  F023         	goto	u820
  4655   004798  EFCE  F023         	goto	u821
  4656   00479C                     u821:
  4657   00479C  EFD6  F023         	goto	l1790
  4658   0047A0                     u820:
  4659   0047A0  6C01               	negf	___awdiv@dividend^0,c
  4660   0047A2  1E02               	comf	(___awdiv@dividend+1)^0,f,c
  4661   0047A4  B0D8               	btfsc	status,0,c
  4662   0047A6  2A02               	incf	(___awdiv@dividend+1)^0,f,c
  4663   0047A8  0E01               	movlw	1
  4664   0047AA  1A06               	xorwf	___awdiv@sign^0,f,c
  4665   0047AC                     l1790:
  4666   0047AC  6A08               	clrf	(___awdiv@quotient+1)^0,c
  4667   0047AE  0E00               	movlw	0
  4668   0047B0  6E07               	movwf	___awdiv@quotient^0,c
  4669   0047B2  5003               	movf	___awdiv@divisor^0,w,c
  4670   0047B4  1004               	iorwf	(___awdiv@divisor+1)^0,w,c
  4671   0047B6  B4D8               	btfsc	status,2,c
  4672   0047B8  EFE0  F023         	goto	u831
  4673   0047BC  EFE2  F023         	goto	u830
  4674   0047C0                     u831:
  4675   0047C0  EF0A  F024         	goto	l1812
  4676   0047C4                     u830:
  4677   0047C4  0E01               	movlw	1
  4678   0047C6  6E05               	movwf	___awdiv@counter^0,c
  4679   0047C8  EFEA  F023         	goto	l1798
  4680   0047CC                     l1796:
  4681   0047CC  90D8               	bcf	status,0,c
  4682   0047CE  3603               	rlcf	___awdiv@divisor^0,f,c
  4683   0047D0  3604               	rlcf	(___awdiv@divisor+1)^0,f,c
  4684   0047D2  2A05               	incf	___awdiv@counter^0,f,c
  4685   0047D4                     l1798:
  4686   0047D4  AE04               	btfss	(___awdiv@divisor+1)^0,7,c
  4687   0047D6  EFEF  F023         	goto	u841
  4688   0047DA  EFF1  F023         	goto	u840
  4689   0047DE                     u841:
  4690   0047DE  EFE6  F023         	goto	l1796
  4691   0047E2                     u840:
  4692   0047E2                     l1800:
  4693   0047E2  90D8               	bcf	status,0,c
  4694   0047E4  3607               	rlcf	___awdiv@quotient^0,f,c
  4695   0047E6  3608               	rlcf	(___awdiv@quotient+1)^0,f,c
  4696   0047E8  5003               	movf	___awdiv@divisor^0,w,c
  4697   0047EA  5C01               	subwf	___awdiv@dividend^0,w,c
  4698   0047EC  5004               	movf	(___awdiv@divisor+1)^0,w,c
  4699   0047EE  5802               	subwfb	(___awdiv@dividend+1)^0,w,c
  4700   0047F0  A0D8               	btfss	status,0,c
  4701   0047F2  EFFD  F023         	goto	u851
  4702   0047F6  EFFF  F023         	goto	u850
  4703   0047FA                     u851:
  4704   0047FA  EF04  F024         	goto	l1808
  4705   0047FE                     u850:
  4706   0047FE  5003               	movf	___awdiv@divisor^0,w,c
  4707   004800  5E01               	subwf	___awdiv@dividend^0,f,c
  4708   004802  5004               	movf	(___awdiv@divisor+1)^0,w,c
  4709   004804  5A02               	subwfb	(___awdiv@dividend+1)^0,f,c
  4710   004806  8007               	bsf	___awdiv@quotient^0,0,c
  4711   004808                     l1808:
  4712   004808  90D8               	bcf	status,0,c
  4713   00480A  3204               	rrcf	(___awdiv@divisor+1)^0,f,c
  4714   00480C  3203               	rrcf	___awdiv@divisor^0,f,c
  4715   00480E  2E05               	decfsz	___awdiv@counter^0,f,c
  4716   004810  EFF1  F023         	goto	l1800
  4717   004814                     l1812:
  4718   004814  5006               	movf	___awdiv@sign^0,w,c
  4719   004816  B4D8               	btfsc	status,2,c
  4720   004818  EF10  F024         	goto	u861
  4721   00481C  EF12  F024         	goto	u860
  4722   004820                     u861:
  4723   004820  EF16  F024         	goto	l1816
  4724   004824                     u860:
  4725   004824  6C07               	negf	___awdiv@quotient^0,c
  4726   004826  1E08               	comf	(___awdiv@quotient+1)^0,f,c
  4727   004828  B0D8               	btfsc	status,0,c
  4728   00482A  2A08               	incf	(___awdiv@quotient+1)^0,f,c
  4729   00482C                     l1816:
  4730   00482C  C007  F001         	movff	___awdiv@quotient,?___awdiv
  4731   004830  C008  F002         	movff	___awdiv@quotient+1,?___awdiv+1
  4732   004834  0012               	return		;funcret
  4733   004836                     __end_of___awdiv:
  4734                           	callstack 0
  4735                           
  4736 ;; *************** function _adcInit *****************
  4737 ;; Defined at:
  4738 ;;		line 339 in file "main.c"
  4739 ;; Parameters:    Size  Location     Type
  4740 ;;		None
  4741 ;; Auto vars:     Size  Location     Type
  4742 ;;		None
  4743 ;; Return value:  Size  Location     Type
  4744 ;;                  1    wreg      void 
  4745 ;; Registers used:
  4746 ;;		wreg, fsr1l, fsr1h, status,2, status,0, tblptrl, tblptrh, tblptru, cstack
  4747 ;; Tracked objects:
  4748 ;;		On entry : 0/0
  4749 ;;		On exit  : 0/0
  4750 ;;		Unchanged: 0/0
  4751 ;; Data sizes:     COMRAM   BANK0   BANK1   BANK2   BANK3   BANK4   BANK5   BANK6   BANK7   BANK8   BANK9  BANK10  BANK1
      +1  BANK12  BANK13  BANK14  BANK15  BANK16  BANK17  BANK18  BANK19  BANK20  BANK21  BANK22  BANK23  BANK24  BANK25  BANK2
      +6  BANK27  BANK28  BANK29  BANK30  BANK31
  4752 ;;      Params:         0       0       0       0       0       0       0       0       0       0       0       0       
      +0       0       0       0       0       0       0       0       0       0       0       0       0       0       0       
      +0       0       0       0       0       0
  4753 ;;      Locals:         0       0       0       0       0       0       0       0       0       0       0       0       
      +0       0       0       0       0       0       0       0       0       0       0       0       0       0       0       
      +0       0       0       0       0       0
  4754 ;;      Temps:          2       0       0       0       0       0       0       0       0       0       0       0       
      +0       0       0       0       0       0       0       0       0       0       0       0       0       0       0       
      +0       0       0       0       0       0
  4755 ;;      Totals:         2       0       0       0       0       0       0       0       0       0       0       0       
      +0       0       0       0       0       0       0       0       0       0       0       0       0       0       0       
      +0       0       0       0       0       0
  4756 ;;Total ram usage:        2 bytes
  4757 ;; Hardware stack levels used: 1
  4758 ;; Hardware stack levels required when called: 4
  4759 ;; This function calls:
  4760 ;;		_adcToMv
  4761 ;;		_lcdClear
  4762 ;;		_lcdTextAt
  4763 ;;		_readADC
  4764 ;; This function is called by:
  4765 ;;		_main
  4766 ;; This function uses a non-reentrant model
  4767 ;;
  4768                           
  4769                           	psect	text24
  4770   004CB4                     __ptext24:
  4771                           	callstack 0
  4772   004CB4                     _adcInit:
  4773                           	callstack 26
  4774   004CB4                     
  4775                           ;main.c: 342:     TRISAbits.TRISA0 = 1;
  4776   004CB4  80C2               	bsf	194,0,c	;volatile
  4777                           
  4778                           ;main.c: 343:     TRISAbits.TRISA1 = 1;
  4779   004CB6  82C2               	bsf	194,1,c	;volatile
  4780                           
  4781                           ;main.c: 344:     TRISAbits.TRISA2 = 1;
  4782   004CB8  84C2               	bsf	194,2,c	;volatile
  4783                           
  4784                           ;main.c: 347:     ANSELAbits.ANSELA0 = 1;
  4785   004CBA  013A               	movlb	58	; () banked
  4786   004CBC  8140               	bsf	64,0,b	;volatile
  4787                           
  4788                           ;main.c: 348:     ANSELAbits.ANSELA1 = 1;
  4789   004CBE  8340               	bsf	64,1,b	;volatile
  4790                           
  4791                           ;main.c: 349:     ANSELAbits.ANSELA2 = 1;
  4792   004CC0  8540               	bsf	64,2,b	;volatile
  4793   004CC2                     
  4794                           ; BSR set to: 58
  4795                           ;main.c: 352:     ADREFbits.NREF = 0;
  4796   004CC2  0E0F               	movlw	-241
  4797   004CC4  013E               	movlb	62	; () banked
  4798   004CC6  17FD               	andwf	253,f,b	;volatile
  4799                           
  4800                           ;main.c: 353:     ADREFbits.PREF = 0;
  4801   004CC8  0EF0               	movlw	-16
  4802   004CCA  17FD               	andwf	253,f,b	;volatile
  4803   004CCC                     
  4804                           ; BSR set to: 62
  4805                           ;main.c: 356:     ADCLK = 0x00;
  4806   004CCC  6BFF               	clrf	255,b	;volatile
  4807   004CCE                     
  4808                           ; BSR set to: 62
  4809                           ;main.c: 357:     ADPREL = 0x00;
  4810   004CCE  6BF6               	clrf	246,b	;volatile
  4811   004CD0                     
  4812                           ; BSR set to: 62
  4813                           ;main.c: 358:     ADPREH = 0x00;
  4814   004CD0  6BF7               	clrf	247,b	;volatile
  4815                           
  4816                           ;main.c: 359:     ADACQL = 0x20;
  4817   004CD2  0E20               	movlw	32
  4818   004CD4  6FF3               	movwf	243,b	;volatile
  4819   004CD6                     
  4820                           ; BSR set to: 62
  4821                           ;main.c: 360:     ADACQH = 0x00;
  4822   004CD6  6BF4               	clrf	244,b	;volatile
  4823   004CD8                     
  4824                           ; BSR set to: 62
  4825                           ;main.c: 363:     ADRESH = 0x00;
  4826   004CD8  6BF0               	clrf	240,b	;volatile
  4827   004CDA                     
  4828                           ; BSR set to: 62
  4829                           ;main.c: 364:     ADRESL = 0x00;
  4830   004CDA  6BEF               	clrf	239,b	;volatile
  4831                           
  4832                           ;main.c: 367:     ADCON0 = 0xA4;
  4833   004CDC  0EA4               	movlw	164
  4834   004CDE  6FF8               	movwf	248,b	;volatile
  4835   004CE0                     
  4836                           ; BSR set to: 62
  4837                           ;main.c: 370:     lcdClear();
  4838   004CE0  EC6A  F029         	call	_lcdClear	;wreg free
  4839   004CE4                     
  4840                           ;main.c: 371:     lcdTextAt(1, 0, "Calibrating...");
  4841   004CE4  0E00               	movlw	0
  4842   004CE6  6E04               	movwf	lcdTextAt@pos^0,c
  4843   004CE8  0E79               	movlw	low STR_10
  4844   004CEA  6E05               	movwf	lcdTextAt@msg^0,c
  4845   004CEC  5005               	movf	lcdTextAt@msg^0,w,c
  4846   004CEE  A4D8               	btfss	status,2,c
  4847   004CF0  0E20               	movlw	high __smallconst
  4848   004CF2  6E06               	movwf	(lcdTextAt@msg+1)^0,c
  4849   004CF4  0E01               	movlw	1
  4850   004CF6  ECC0  F028         	call	_lcdTextAt
  4851   004CFA                     
  4852                           ;main.c: 372:     _delay((unsigned long)((1000)*(1000000UL/4000.0)));
  4853   004CFA  0E02               	movlw	2
  4854   004CFC  6E1D               	movwf	(??_adcInit+1)^0,c
  4855   004CFE  0E45               	movlw	69
  4856   004D00  6E1C               	movwf	??_adcInit^0,c
  4857   004D02  0EAA               	movlw	170
  4858   004D04                     u1607:
  4859   004D04  2EE8               	decfsz	wreg,f,c
  4860   004D06  D7FE               	bra	u1607
  4861   004D08  2E1C               	decfsz	??_adcInit^0,f,c
  4862   004D0A  D7FC               	bra	u1607
  4863   004D0C  2E1D               	decfsz	(??_adcInit+1)^0,f,c
  4864   004D0E  D7FA               	bra	u1607
  4865   004D10                     
  4866                           ;main.c: 374:     xZero = adcToMv(readADC(0x00));
  4867   004D10  0E00               	movlw	0
  4868   004D12  ECA4  F028         	call	_readADC
  4869   004D16  C001  F01A         	movff	?_readADC,adcToMv@adc
  4870   004D1A  C002  F01B         	movff	?_readADC+1,adcToMv@adc+1
  4871   004D1E  ECE1  F027         	call	_adcToMv	;wreg free
  4872   004D22  C01A  F0A4         	movff	?_adcToMv,_xZero
  4873   004D26  C01B  F0A5         	movff	?_adcToMv+1,_xZero+1
  4874   004D2A                     
  4875                           ;main.c: 376:     lcdClear();
  4876   004D2A  EC6A  F029         	call	_lcdClear	;wreg free
  4877   004D2E  0012               	return		;funcret
  4878   004D30                     __end_of_adcInit:
  4879                           	callstack 0
  4880                           
  4881 ;; *************** function _readADC *****************
  4882 ;; Defined at:
  4883 ;;		line 383 in file "main.c"
  4884 ;; Parameters:    Size  Location     Type
  4885 ;;  channel         1    wreg     unsigned char 
  4886 ;; Auto vars:     Size  Location     Type
  4887 ;;  channel         1    6[COMRAM] unsigned char 
  4888 ;;  result          2    4[COMRAM] unsigned int 
  4889 ;; Return value:  Size  Location     Type
  4890 ;;                  2    0[COMRAM] unsigned int 
  4891 ;; Registers used:
  4892 ;;		wreg, status,2, status,0
  4893 ;; Tracked objects:
  4894 ;;		On entry : 0/0
  4895 ;;		On exit  : 0/0
  4896 ;;		Unchanged: 0/0
  4897 ;; Data sizes:     COMRAM   BANK0   BANK1   BANK2   BANK3   BANK4   BANK5   BANK6   BANK7   BANK8   BANK9  BANK10  BANK1
      +1  BANK12  BANK13  BANK14  BANK15  BANK16  BANK17  BANK18  BANK19  BANK20  BANK21  BANK22  BANK23  BANK24  BANK25  BANK2
      +6  BANK27  BANK28  BANK29  BANK30  BANK31
  4898 ;;      Params:         2       0       0       0       0       0       0       0       0       0       0       0       
      +0       0       0       0       0       0       0       0       0       0       0       0       0       0       0       
      +0       0       0       0       0       0
  4899 ;;      Locals:         3       0       0       0       0       0       0       0       0       0       0       0       
      +0       0       0       0       0       0       0       0       0       0       0       0       0       0       0       
      +0       0       0       0       0       0
  4900 ;;      Temps:          2       0       0       0       0       0       0       0       0       0       0       0       
      +0       0       0       0       0       0       0       0       0       0       0       0       0       0       0       
      +0       0       0       0       0       0
  4901 ;;      Totals:         7       0       0       0       0       0       0       0       0       0       0       0       
      +0       0       0       0       0       0       0       0       0       0       0       0       0       0       0       
      +0       0       0       0       0       0
  4902 ;;Total ram usage:        7 bytes
  4903 ;; Hardware stack levels used: 1
  4904 ;; Hardware stack levels required when called: 1
  4905 ;; This function calls:
  4906 ;;		Nothing
  4907 ;; This function is called by:
  4908 ;;		_main
  4909 ;;		_adcInit
  4910 ;; This function uses a non-reentrant model
  4911 ;;
  4912                           
  4913                           	psect	text25
  4914   005148                     __ptext25:
  4915                           	callstack 0
  4916   005148                     _readADC:
  4917                           	callstack 28
  4918                           
  4919                           ;incstack = 0
  4920                           ;readADC@channel stored from wreg
  4921   005148  6E07               	movwf	readADC@channel^0,c
  4922   00514A                     
  4923                           ;main.c: 383: unsigned int readADC(unsigned char channel);main.c: 384: {;main.c: 385:   
      +                            unsigned int result;;main.c: 387:     ADPCH = channel;
  4924   00514A  0060  F01F  FEF1   	movff	readADC@channel,16113	;volatile
  4925   005150                     
  4926                           ;main.c: 388:     _delay((unsigned long)((2)*(1000000UL/4000.0)));
  4927   005150  0EA6               	movlw	166
  4928   005152                     u1617:
  4929   005152  2EE8               	decfsz	wreg,f,c
  4930   005154  D7FE               	bra	u1617
  4931   005156  D000               	nop2	
  4932   005158                     
  4933                           ;main.c: 390:     ADCON0 |= 0x01;
  4934   005158  013E               	movlb	62	; () banked
  4935   00515A  81F8               	bsf	248,0,b	;volatile
  4936   00515C                     l135:
  4937                           
  4938                           ; BSR set to: 62
  4939   00515C  B1F8               	btfsc	248,0,b	;volatile
  4940   00515E  EFB3  F028         	goto	u1351
  4941   005162  EFB5  F028         	goto	u1350
  4942   005166                     u1351:
  4943   005166  EFAE  F028         	goto	l135
  4944   00516A                     u1350:
  4945   00516A                     
  4946                           ; BSR set to: 62
  4947                           ;main.c: 393:     result = ((unsigned int)ADRESH << 8) | ADRESL;
  4948   00516A  51F0               	movf	240,w,b	;volatile
  4949   00516C  6E03               	movwf	??_readADC^0,c
  4950   00516E  51EF               	movf	239,w,b	;volatile
  4951   005170  6E05               	movwf	readADC@result^0,c
  4952   005172  C003  F006         	movff	??_readADC,readADC@result+1
  4953   005176                     
  4954                           ; BSR set to: 62
  4955                           ;main.c: 395:     return result;
  4956   005176  C005  F001         	movff	readADC@result,?_readADC
  4957   00517A  C006  F002         	movff	readADC@result+1,?_readADC+1
  4958   00517E                     
  4959                           ; BSR set to: 62
  4960   00517E  0012               	return		;funcret
  4961   005180                     __end_of_readADC:
  4962                           	callstack 0
  4963                           
  4964 ;; *************** function _lcdTextAt *****************
  4965 ;; Defined at:
  4966 ;;		line 530 in file "main.c"
  4967 ;; Parameters:    Size  Location     Type
  4968 ;;  row             1    wreg     unsigned char 
  4969 ;;  pos             1    3[COMRAM] unsigned char 
  4970 ;;  msg             2    4[COMRAM] PTR const unsigned char 
  4971 ;;		 -> STR_10(15), STR_9(17), haltReset@msg(17), STR_7(17), 
  4972 ;;		 -> main@botLine(17), main@topLine(17), 
  4973 ;; Auto vars:     Size  Location     Type
  4974 ;;  row             1    6[COMRAM] unsigned char 
  4975 ;;  location        1    7[COMRAM] unsigned char 
  4976 ;; Return value:  Size  Location     Type
  4977 ;;                  1    wreg      void 
  4978 ;; Registers used:
  4979 ;;		wreg, fsr1l, fsr1h, status,2, status,0, tblptrl, tblptrh, tblptru, cstack
  4980 ;; Tracked objects:
  4981 ;;		On entry : 0/0
  4982 ;;		On exit  : 0/0
  4983 ;;		Unchanged: 0/0
  4984 ;; Data sizes:     COMRAM   BANK0   BANK1   BANK2   BANK3   BANK4   BANK5   BANK6   BANK7   BANK8   BANK9  BANK10  BANK1
      +1  BANK12  BANK13  BANK14  BANK15  BANK16  BANK17  BANK18  BANK19  BANK20  BANK21  BANK22  BANK23  BANK24  BANK25  BANK2
      +6  BANK27  BANK28  BANK29  BANK30  BANK31
  4985 ;;      Params:         3       0       0       0       0       0       0       0       0       0       0       0       
      +0       0       0       0       0       0       0       0       0       0       0       0       0       0       0       
      +0       0       0       0       0       0
  4986 ;;      Locals:         2       0       0       0       0       0       0       0       0       0       0       0       
      +0       0       0       0       0       0       0       0       0       0       0       0       0       0       0       
      +0       0       0       0       0       0
  4987 ;;      Temps:          0       0       0       0       0       0       0       0       0       0       0       0       
      +0       0       0       0       0       0       0       0       0       0       0       0       0       0       0       
      +0       0       0       0       0       0
  4988 ;;      Totals:         5       0       0       0       0       0       0       0       0       0       0       0       
      +0       0       0       0       0       0       0       0       0       0       0       0       0       0       0       
      +0       0       0       0       0       0
  4989 ;;Total ram usage:        5 bytes
  4990 ;; Hardware stack levels used: 1
  4991 ;; Hardware stack levels required when called: 1
  4992 ;; This function calls:
  4993 ;;		_lcdCmd
  4994 ;;		_lcdText
  4995 ;; This function is called by:
  4996 ;;		_main
  4997 ;;		_haltReset
  4998 ;;		_adcInit
  4999 ;; This function uses a non-reentrant model
  5000 ;;
  5001                           
  5002                           	psect	text26
  5003   005180                     __ptext26:
  5004                           	callstack 0
  5005   005180                     _lcdTextAt:
  5006                           	callstack 28
  5007                           
  5008                           ; BSR set to: 62
  5009                           ;incstack = 0
  5010                           ;lcdTextAt@row stored from wreg
  5011   005180  6E07               	movwf	lcdTextAt@row^0,c
  5012   005182                     
  5013                           ;main.c: 530: void lcdTextAt(unsigned char row, unsigned char pos, const char *msg);main
      +                          .c: 531: {;main.c: 532:     unsigned char location;;main.c: 534:     if(row == 1)
  5014   005182  0407               	decf	lcdTextAt@row^0,w,c
  5015   005184  A4D8               	btfss	status,2,c
  5016   005186  EFC7  F028         	goto	u1361
  5017   00518A  EFC9  F028         	goto	u1360
  5018   00518E                     u1361:
  5019   00518E  EFCE  F028         	goto	l2172
  5020   005192                     u1360:
  5021   005192                     
  5022                           ;main.c: 535:         location = 0x80 + pos;
  5023   005192  5004               	movf	lcdTextAt@pos^0,w,c
  5024   005194  0F80               	addlw	128
  5025   005196  6E08               	movwf	lcdTextAt@location^0,c
  5026   005198  EFD1  F028         	goto	l2174
  5027   00519C                     l2172:
  5028                           
  5029                           ;main.c: 537:         location = 0xC0 + pos;
  5030   00519C  5004               	movf	lcdTextAt@pos^0,w,c
  5031   00519E  0FC0               	addlw	192
  5032   0051A0  6E08               	movwf	lcdTextAt@location^0,c
  5033   0051A2                     l2174:
  5034                           
  5035                           ;main.c: 539:     lcdCmd(location);
  5036   0051A2  5008               	movf	lcdTextAt@location^0,w,c
  5037   0051A4  EC35  F029         	call	_lcdCmd
  5038   0051A8                     
  5039                           ;main.c: 540:     lcdText(msg);
  5040   0051A8  C005  F002         	movff	lcdTextAt@msg,lcdText@msg
  5041   0051AC  C006  F003         	movff	lcdTextAt@msg+1,lcdText@msg+1
  5042   0051B0  EC0D  F027         	call	_lcdText	;wreg free
  5043   0051B4  0012               	return		;funcret
  5044   0051B6                     __end_of_lcdTextAt:
  5045                           	callstack 0
  5046                           
  5047 ;; *************** function _lcdText *****************
  5048 ;; Defined at:
  5049 ;;		line 517 in file "main.c"
  5050 ;; Parameters:    Size  Location     Type
  5051 ;;  msg             2    1[COMRAM] PTR const unsigned char 
  5052 ;;		 -> STR_10(15), STR_9(17), haltReset@msg(17), STR_7(17), 
  5053 ;;		 -> main@botLine(17), main@topLine(17), 
  5054 ;; Auto vars:     Size  Location     Type
  5055 ;;		None
  5056 ;; Return value:  Size  Location     Type
  5057 ;;                  1    wreg      void 
  5058 ;; Registers used:
  5059 ;;		wreg, fsr1l, fsr1h, status,2, status,0, tblptrl, tblptrh, tblptru, cstack
  5060 ;; Tracked objects:
  5061 ;;		On entry : 0/0
  5062 ;;		On exit  : 0/0
  5063 ;;		Unchanged: 0/0
  5064 ;; Data sizes:     COMRAM   BANK0   BANK1   BANK2   BANK3   BANK4   BANK5   BANK6   BANK7   BANK8   BANK9  BANK10  BANK1
      +1  BANK12  BANK13  BANK14  BANK15  BANK16  BANK17  BANK18  BANK19  BANK20  BANK21  BANK22  BANK23  BANK24  BANK25  BANK2
      +6  BANK27  BANK28  BANK29  BANK30  BANK31
  5065 ;;      Params:         2       0       0       0       0       0       0       0       0       0       0       0       
      +0       0       0       0       0       0       0       0       0       0       0       0       0       0       0       
      +0       0       0       0       0       0
  5066 ;;      Locals:         0       0       0       0       0       0       0       0       0       0       0       0       
      +0       0       0       0       0       0       0       0       0       0       0       0       0       0       0       
      +0       0       0       0       0       0
  5067 ;;      Temps:          0       0       0       0       0       0       0       0       0       0       0       0       
      +0       0       0       0       0       0       0       0       0       0       0       0       0       0       0       
      +0       0       0       0       0       0
  5068 ;;      Totals:         2       0       0       0       0       0       0       0       0       0       0       0       
      +0       0       0       0       0       0       0       0       0       0       0       0       0       0       0       
      +0       0       0       0       0       0
  5069 ;;Total ram usage:        2 bytes
  5070 ;; Hardware stack levels used: 1
  5071 ;; Hardware stack levels required when called: 2
  5072 ;; This function calls:
  5073 ;;		_lcdChar
  5074 ;; This function is called by:
  5075 ;;		_lcdTextAt
  5076 ;; This function uses a non-reentrant model
  5077 ;;
  5078                           
  5079                           	psect	text27
  5080   004E1A                     __ptext27:
  5081                           	callstack 0
  5082   004E1A                     _lcdText:
  5083                           	callstack 26
  5084   004E1A                     
  5085                           ;main.c: 517: void lcdText(const char *msg);main.c: 518: {;main.c: 519:     while(*msg !
      +                          = '\0')
  5086   004E1A  EF28  F027         	goto	l2104
  5087   004E1E                     l2100:
  5088                           
  5089                           ;main.c: 520:     {;main.c: 521:         lcdChar(*msg);
  5090   004E1E  0060  F00B  FFF6   	movff	lcdText@msg,tblptrl
  5091   004E24  0060  F00F  FFF7   	movff	lcdText@msg+1,tblptrh
  5092   004E2A  0E00               	movlw	low (__smallconst shr (0+16))
  5093   004E2C  6EF8               	movwf	tblptru,c
  5094   004E2E  0E1F               	movlw	(high __ramtop+-1)
  5095   004E30  64F7               	cpfsgt	tblptrh,c
  5096   004E32  D003               	bra	u1267
  5097   004E34  0008               	tblrd		*
  5098   004E36  50F5               	movf	tablat,w,c
  5099   004E38  D007               	bra	u1260
  5100   004E3A                     u1267:
  5101   004E3A  006F FFDB FFE1     	movff	tblptrl,fsr1l
  5102   004E40  006F FFDF FFE2     	movff	tblptrh,fsr1h
  5103   004E46  50E7               	movf	indf1,w,c
  5104   004E48                     u1260:
  5105   004E48  EC21  F029         	call	_lcdChar
  5106   004E4C                     
  5107                           ;main.c: 522:         msg++;
  5108   004E4C  4A02               	infsnz	lcdText@msg^0,f,c
  5109   004E4E  2A03               	incf	(lcdText@msg+1)^0,f,c
  5110   004E50                     l2104:
  5111                           
  5112                           ;main.c: 519:     while(*msg != '\0')
  5113   004E50  0060  F00B  FFF6   	movff	lcdText@msg,tblptrl
  5114   004E56  0060  F00F  FFF7   	movff	lcdText@msg+1,tblptrh
  5115   004E5C  0E00               	movlw	low (__smallconst shr (0+16))
  5116   004E5E  6EF8               	movwf	tblptru,c
  5117   004E60  0E1F               	movlw	(high __ramtop+-1)
  5118   004E62  64F7               	cpfsgt	tblptrh,c
  5119   004E64  D003               	bra	u1277
  5120   004E66  0008               	tblrd		*
  5121   004E68  50F5               	movf	tablat,w,c
  5122   004E6A  D007               	bra	u1270
  5123   004E6C                     u1277:
  5124   004E6C  006F FFDB FFE1     	movff	tblptrl,fsr1l
  5125   004E72  006F FFDF FFE2     	movff	tblptrh,fsr1h
  5126   004E78  50E7               	movf	indf1,w,c
  5127   004E7A                     u1270:
  5128   004E7A  0900               	iorlw	0
  5129   004E7C  A4D8               	btfss	status,2,c
  5130   004E7E  EF43  F027         	goto	u1281
  5131   004E82  EF45  F027         	goto	u1280
  5132   004E86                     u1281:
  5133   004E86  EF0F  F027         	goto	l2100
  5134   004E8A                     u1280:
  5135   004E8A  0012               	return		;funcret
  5136   004E8C                     __end_of_lcdText:
  5137                           	callstack 0
  5138                           
  5139 ;; *************** function _lcdChar *****************
  5140 ;; Defined at:
  5141 ;;		line 500 in file "main.c"
  5142 ;; Parameters:    Size  Location     Type
  5143 ;;  dat             1    wreg     unsigned char 
  5144 ;; Auto vars:     Size  Location     Type
  5145 ;;  dat             1    0[COMRAM] unsigned char 
  5146 ;; Return value:  Size  Location     Type
  5147 ;;                  1    wreg      void 
  5148 ;; Registers used:
  5149 ;;		wreg, status,2, cstack
  5150 ;; Tracked objects:
  5151 ;;		On entry : 0/0
  5152 ;;		On exit  : 0/0
  5153 ;;		Unchanged: 0/0
  5154 ;; Data sizes:     COMRAM   BANK0   BANK1   BANK2   BANK3   BANK4   BANK5   BANK6   BANK7   BANK8   BANK9  BANK10  BANK1
      +1  BANK12  BANK13  BANK14  BANK15  BANK16  BANK17  BANK18  BANK19  BANK20  BANK21  BANK22  BANK23  BANK24  BANK25  BANK2
      +6  BANK27  BANK28  BANK29  BANK30  BANK31
  5155 ;;      Params:         0       0       0       0       0       0       0       0       0       0       0       0       
      +0       0       0       0       0       0       0       0       0       0       0       0       0       0       0       
      +0       0       0       0       0       0
  5156 ;;      Locals:         1       0       0       0       0       0       0       0       0       0       0       0       
      +0       0       0       0       0       0       0       0       0       0       0       0       0       0       0       
      +0       0       0       0       0       0
  5157 ;;      Temps:          0       0       0       0       0       0       0       0       0       0       0       0       
      +0       0       0       0       0       0       0       0       0       0       0       0       0       0       0       
      +0       0       0       0       0       0
  5158 ;;      Totals:         1       0       0       0       0       0       0       0       0       0       0       0       
      +0       0       0       0       0       0       0       0       0       0       0       0       0       0       0       
      +0       0       0       0       0       0
  5159 ;;Total ram usage:        1 bytes
  5160 ;; Hardware stack levels used: 1
  5161 ;; Hardware stack levels required when called: 1
  5162 ;; This function calls:
  5163 ;;		Nothing
  5164 ;; This function is called by:
  5165 ;;		_lcdText
  5166 ;; This function uses a non-reentrant model
  5167 ;;
  5168                           
  5169                           	psect	text28
  5170   005242                     __ptext28:
  5171                           	callstack 0
  5172   005242                     _lcdChar:
  5173                           	callstack 26
  5174                           
  5175                           ;incstack = 0
  5176                           ;lcdChar@dat stored from wreg
  5177   005242  6E01               	movwf	lcdChar@dat^0,c
  5178   005244                     
  5179                           ;main.c: 500: void lcdChar(unsigned char dat);main.c: 501: {;main.c: 502:     LATB = dat
      +                          ;
  5180   005244  0060  F007  FFBB   	movff	lcdChar@dat,16315	;volatile
  5181   00524A                     
  5182                           ;main.c: 504:     LATDbits.LATD0 = 1;
  5183   00524A  80BD               	bsf	189,0,c	;volatile
  5184   00524C                     
  5185                           ;main.c: 505:     _delay((unsigned long)((5)*(1000000UL/4000.0)));
  5186   00524C  0EFA               	movlw	250
  5187   00524E                     u1627:
  5188   00524E  D000               	nop2	
  5189   005250  2EE8               	decfsz	wreg,f,c
  5190   005252  D7FD               	bra	u1627
  5191   005254                     
  5192                           ;main.c: 507:     LATDbits.LATD1 = 1;
  5193   005254  82BD               	bsf	189,1,c	;volatile
  5194   005256                     
  5195                           ;main.c: 508:     _delay((unsigned long)((5)*(1000000UL/4000.0)));
  5196   005256  0EFA               	movlw	250
  5197   005258                     u1637:
  5198   005258  D000               	nop2	
  5199   00525A  2EE8               	decfsz	wreg,f,c
  5200   00525C  D7FD               	bra	u1637
  5201   00525E                     
  5202                           ;main.c: 509:     LATDbits.LATD1 = 0;
  5203   00525E  92BD               	bcf	189,1,c	;volatile
  5204   005260                     
  5205                           ;main.c: 511:     _delay((unsigned long)((5)*(1000000UL/4000.0)));
  5206   005260  0EFA               	movlw	250
  5207   005262                     u1647:
  5208   005262  D000               	nop2	
  5209   005264  2EE8               	decfsz	wreg,f,c
  5210   005266  D7FD               	bra	u1647
  5211   005268  0012               	return		;funcret
  5212   00526A                     __end_of_lcdChar:
  5213                           	callstack 0
  5214                           
  5215 ;; *************** function _lcdClear *****************
  5216 ;; Defined at:
  5217 ;;		line 474 in file "main.c"
  5218 ;; Parameters:    Size  Location     Type
  5219 ;;		None
  5220 ;; Auto vars:     Size  Location     Type
  5221 ;;		None
  5222 ;; Return value:  Size  Location     Type
  5223 ;;                  1    wreg      void 
  5224 ;; Registers used:
  5225 ;;		wreg, status,2, cstack
  5226 ;; Tracked objects:
  5227 ;;		On entry : 0/0
  5228 ;;		On exit  : 0/0
  5229 ;;		Unchanged: 0/0
  5230 ;; Data sizes:     COMRAM   BANK0   BANK1   BANK2   BANK3   BANK4   BANK5   BANK6   BANK7   BANK8   BANK9  BANK10  BANK1
      +1  BANK12  BANK13  BANK14  BANK15  BANK16  BANK17  BANK18  BANK19  BANK20  BANK21  BANK22  BANK23  BANK24  BANK25  BANK2
      +6  BANK27  BANK28  BANK29  BANK30  BANK31
  5231 ;;      Params:         0       0       0       0       0       0       0       0       0       0       0       0       
      +0       0       0       0       0       0       0       0       0       0       0       0       0       0       0       
      +0       0       0       0       0       0
  5232 ;;      Locals:         0       0       0       0       0       0       0       0       0       0       0       0       
      +0       0       0       0       0       0       0       0       0       0       0       0       0       0       0       
      +0       0       0       0       0       0
  5233 ;;      Temps:          1       0       0       0       0       0       0       0       0       0       0       0       
      +0       0       0       0       0       0       0       0       0       0       0       0       0       0       0       
      +0       0       0       0       0       0
  5234 ;;      Totals:         1       0       0       0       0       0       0       0       0       0       0       0       
      +0       0       0       0       0       0       0       0       0       0       0       0       0       0       0       
      +0       0       0       0       0       0
  5235 ;;Total ram usage:        1 bytes
  5236 ;; Hardware stack levels used: 1
  5237 ;; Hardware stack levels required when called: 1
  5238 ;; This function calls:
  5239 ;;		_lcdCmd
  5240 ;; This function is called by:
  5241 ;;		_main
  5242 ;;		_haltReset
  5243 ;;		_adcInit
  5244 ;; This function uses a non-reentrant model
  5245 ;;
  5246                           
  5247                           	psect	text29
  5248   0052D4                     __ptext29:
  5249                           	callstack 0
  5250   0052D4                     _lcdClear:
  5251                           	callstack 28
  5252   0052D4                     
  5253                           ;main.c: 476:     lcdCmd(0x01);
  5254   0052D4  0E01               	movlw	1
  5255   0052D6  EC35  F029         	call	_lcdCmd
  5256   0052DA                     
  5257                           ;main.c: 477:     _delay((unsigned long)((20)*(1000000UL/4000.0)));
  5258   0052DA  0E07               	movlw	7
  5259   0052DC  6E02               	movwf	??_lcdClear^0,c
  5260   0052DE  0E7D               	movlw	125
  5261   0052E0                     u1657:
  5262   0052E0  2EE8               	decfsz	wreg,f,c
  5263   0052E2  D7FE               	bra	u1657
  5264   0052E4  2E02               	decfsz	??_lcdClear^0,f,c
  5265   0052E6  D7FC               	bra	u1657
  5266   0052E8  0000               	nop	
  5267   0052EA  0012               	return		;funcret
  5268   0052EC                     __end_of_lcdClear:
  5269                           	callstack 0
  5270                           
  5271 ;; *************** function _lcdCmd *****************
  5272 ;; Defined at:
  5273 ;;		line 483 in file "main.c"
  5274 ;; Parameters:    Size  Location     Type
  5275 ;;  cmd             1    wreg     unsigned char 
  5276 ;; Auto vars:     Size  Location     Type
  5277 ;;  cmd             1    0[COMRAM] unsigned char 
  5278 ;; Return value:  Size  Location     Type
  5279 ;;                  1    wreg      void 
  5280 ;; Registers used:
  5281 ;;		wreg, status,2, cstack
  5282 ;; Tracked objects:
  5283 ;;		On entry : 0/0
  5284 ;;		On exit  : 0/0
  5285 ;;		Unchanged: 0/0
  5286 ;; Data sizes:     COMRAM   BANK0   BANK1   BANK2   BANK3   BANK4   BANK5   BANK6   BANK7   BANK8   BANK9  BANK10  BANK1
      +1  BANK12  BANK13  BANK14  BANK15  BANK16  BANK17  BANK18  BANK19  BANK20  BANK21  BANK22  BANK23  BANK24  BANK25  BANK2
      +6  BANK27  BANK28  BANK29  BANK30  BANK31
  5287 ;;      Params:         0       0       0       0       0       0       0       0       0       0       0       0       
      +0       0       0       0       0       0       0       0       0       0       0       0       0       0       0       
      +0       0       0       0       0       0
  5288 ;;      Locals:         1       0       0       0       0       0       0       0       0       0       0       0       
      +0       0       0       0       0       0       0       0       0       0       0       0       0       0       0       
      +0       0       0       0       0       0
  5289 ;;      Temps:          0       0       0       0       0       0       0       0       0       0       0       0       
      +0       0       0       0       0       0       0       0       0       0       0       0       0       0       0       
      +0       0       0       0       0       0
  5290 ;;      Totals:         1       0       0       0       0       0       0       0       0       0       0       0       
      +0       0       0       0       0       0       0       0       0       0       0       0       0       0       0       
      +0       0       0       0       0       0
  5291 ;;Total ram usage:        1 bytes
  5292 ;; Hardware stack levels used: 1
  5293 ;; Hardware stack levels required when called: 1
  5294 ;; This function calls:
  5295 ;;		Nothing
  5296 ;; This function is called by:
  5297 ;;		_lcdInit
  5298 ;;		_lcdClear
  5299 ;;		_lcdTextAt
  5300 ;; This function uses a non-reentrant model
  5301 ;;
  5302                           
  5303                           	psect	text30
  5304   00526A                     __ptext30:
  5305                           	callstack 0
  5306   00526A                     _lcdCmd:
  5307                           	callstack 27
  5308                           
  5309                           ;incstack = 0
  5310                           ;lcdCmd@cmd stored from wreg
  5311   00526A  6E01               	movwf	lcdCmd@cmd^0,c
  5312   00526C                     
  5313                           ;main.c: 483: void lcdCmd(unsigned char cmd);main.c: 484: {;main.c: 485:     LATB = cmd;
  5314   00526C  0060  F007  FFBB   	movff	lcdCmd@cmd,16315	;volatile
  5315   005272                     
  5316                           ;main.c: 487:     LATDbits.LATD0 = 0;
  5317   005272  90BD               	bcf	189,0,c	;volatile
  5318   005274                     
  5319                           ;main.c: 488:     _delay((unsigned long)((5)*(1000000UL/4000.0)));
  5320   005274  0EFA               	movlw	250
  5321   005276                     u1667:
  5322   005276  D000               	nop2	
  5323   005278  2EE8               	decfsz	wreg,f,c
  5324   00527A  D7FD               	bra	u1667
  5325   00527C                     
  5326                           ;main.c: 490:     LATDbits.LATD1 = 1;
  5327   00527C  82BD               	bsf	189,1,c	;volatile
  5328   00527E                     
  5329                           ;main.c: 491:     _delay((unsigned long)((5)*(1000000UL/4000.0)));
  5330   00527E  0EFA               	movlw	250
  5331   005280                     u1677:
  5332   005280  D000               	nop2	
  5333   005282  2EE8               	decfsz	wreg,f,c
  5334   005284  D7FD               	bra	u1677
  5335   005286                     
  5336                           ;main.c: 492:     LATDbits.LATD1 = 0;
  5337   005286  92BD               	bcf	189,1,c	;volatile
  5338   005288                     
  5339                           ;main.c: 494:     _delay((unsigned long)((5)*(1000000UL/4000.0)));
  5340   005288  0EFA               	movlw	250
  5341   00528A                     u1687:
  5342   00528A  D000               	nop2	
  5343   00528C  2EE8               	decfsz	wreg,f,c
  5344   00528E  D7FD               	bra	u1687
  5345   005290  0012               	return		;funcret
  5346   005292                     __end_of_lcdCmd:
  5347                           	callstack 0
  5348                           
  5349 ;; *************** function _adcToMv *****************
  5350 ;; Defined at:
  5351 ;;		line 401 in file "main.c"
  5352 ;; Parameters:    Size  Location     Type
  5353 ;;  adc             2   25[COMRAM] unsigned int 
  5354 ;; Auto vars:     Size  Location     Type
  5355 ;;		None
  5356 ;; Return value:  Size  Location     Type
  5357 ;;                  2   25[COMRAM] unsigned int 
  5358 ;; Registers used:
  5359 ;;		wreg, status,2, status,0, cstack
  5360 ;; Tracked objects:
  5361 ;;		On entry : 0/0
  5362 ;;		On exit  : 0/0
  5363 ;;		Unchanged: 0/0
  5364 ;; Data sizes:     COMRAM   BANK0   BANK1   BANK2   BANK3   BANK4   BANK5   BANK6   BANK7   BANK8   BANK9  BANK10  BANK1
      +1  BANK12  BANK13  BANK14  BANK15  BANK16  BANK17  BANK18  BANK19  BANK20  BANK21  BANK22  BANK23  BANK24  BANK25  BANK2
      +6  BANK27  BANK28  BANK29  BANK30  BANK31
  5365 ;;      Params:         2       0       0       0       0       0       0       0       0       0       0       0       
      +0       0       0       0       0       0       0       0       0       0       0       0       0       0       0       
      +0       0       0       0       0       0
  5366 ;;      Locals:         0       0       0       0       0       0       0       0       0       0       0       0       
      +0       0       0       0       0       0       0       0       0       0       0       0       0       0       0       
      +0       0       0       0       0       0
  5367 ;;      Temps:          0       0       0       0       0       0       0       0       0       0       0       0       
      +0       0       0       0       0       0       0       0       0       0       0       0       0       0       0       
      +0       0       0       0       0       0
  5368 ;;      Totals:         2       0       0       0       0       0       0       0       0       0       0       0       
      +0       0       0       0       0       0       0       0       0       0       0       0       0       0       0       
      +0       0       0       0       0       0
  5369 ;;Total ram usage:        2 bytes
  5370 ;; Hardware stack levels used: 1
  5371 ;; Hardware stack levels required when called: 1
  5372 ;; This function calls:
  5373 ;;		___lldiv
  5374 ;;		___lmul
  5375 ;; This function is called by:
  5376 ;;		_main
  5377 ;;		_adcInit
  5378 ;; This function uses a non-reentrant model
  5379 ;;
  5380                           
  5381                           	psect	text31
  5382   004FC2                     __ptext31:
  5383                           	callstack 0
  5384   004FC2                     _adcToMv:
  5385                           	callstack 28
  5386   004FC2                     
  5387                           ;main.c: 401: unsigned int adcToMv(unsigned int adc);main.c: 402: {;main.c: 403:     ret
      +                          urn (unsigned int)(((unsigned long)adc * 3300) / 4095);
  5388   004FC2  C01A  F001         	movff	adcToMv@adc,___lmul@multiplier
  5389   004FC6  C01B  F002         	movff	adcToMv@adc+1,___lmul@multiplier+1
  5390   004FCA  6A03               	clrf	(___lmul@multiplier+2)^0,c
  5391   004FCC  6A04               	clrf	(___lmul@multiplier+3)^0,c
  5392   004FCE  0EE4               	movlw	228
  5393   004FD0  6E05               	movwf	___lmul@multiplicand^0,c
  5394   004FD2  0E0C               	movlw	12
  5395   004FD4  6E06               	movwf	(___lmul@multiplicand+1)^0,c
  5396   004FD6  0E00               	movlw	0
  5397   004FD8  6E07               	movwf	(___lmul@multiplicand+2)^0,c
  5398   004FDA  0E00               	movlw	0
  5399   004FDC  6E08               	movwf	(___lmul@multiplicand+3)^0,c
  5400   004FDE  EC46  F027         	call	___lmul	;wreg free
  5401   004FE2  C001  F00D         	movff	?___lmul,___lldiv@dividend
  5402   004FE6  C002  F00E         	movff	?___lmul+1,___lldiv@dividend+1
  5403   004FEA  C003  F00F         	movff	?___lmul+2,___lldiv@dividend+2
  5404   004FEE  C004  F010         	movff	?___lmul+3,___lldiv@dividend+3
  5405   004FF2  0EFF               	movlw	255
  5406   004FF4  6E11               	movwf	___lldiv@divisor^0,c
  5407   004FF6  0E0F               	movlw	15
  5408   004FF8  6E12               	movwf	(___lldiv@divisor+1)^0,c
  5409   004FFA  0E00               	movlw	0
  5410   004FFC  6E13               	movwf	(___lldiv@divisor+2)^0,c
  5411   004FFE  0E00               	movlw	0
  5412   005000  6E14               	movwf	(___lldiv@divisor+3)^0,c
  5413   005002  EC7B  F025         	call	___lldiv	;wreg free
  5414   005006  C00D  F01A         	movff	?___lldiv,?_adcToMv
  5415   00500A  C00E  F01B         	movff	?___lldiv+1,?_adcToMv+1
  5416   00500E  0012               	return		;funcret
  5417   005010                     __end_of_adcToMv:
  5418                           	callstack 0
  5419                           
  5420 ;; *************** function ___lmul *****************
  5421 ;; Defined at:
  5422 ;;		line 15 in file "C:\Program Files\Microchip\xc8\v3.10\pic\sources\c99\common\Umul32.c"
  5423 ;; Parameters:    Size  Location     Type
  5424 ;;  multiplier      4    0[COMRAM] unsigned long 
  5425 ;;  multiplicand    4    4[COMRAM] unsigned long 
  5426 ;; Auto vars:     Size  Location     Type
  5427 ;;  product         4    8[COMRAM] unsigned long 
  5428 ;; Return value:  Size  Location     Type
  5429 ;;                  4    0[COMRAM] unsigned long 
  5430 ;; Registers used:
  5431 ;;		wreg, status,2, status,0
  5432 ;; Tracked objects:
  5433 ;;		On entry : 0/0
  5434 ;;		On exit  : 0/0
  5435 ;;		Unchanged: 0/0
  5436 ;; Data sizes:     COMRAM   BANK0   BANK1   BANK2   BANK3   BANK4   BANK5   BANK6   BANK7   BANK8   BANK9  BANK10  BANK1
      +1  BANK12  BANK13  BANK14  BANK15  BANK16  BANK17  BANK18  BANK19  BANK20  BANK21  BANK22  BANK23  BANK24  BANK25  BANK2
      +6  BANK27  BANK28  BANK29  BANK30  BANK31
  5437 ;;      Params:         8       0       0       0       0       0       0       0       0       0       0       0       
      +0       0       0       0       0       0       0       0       0       0       0       0       0       0       0       
      +0       0       0       0       0       0
  5438 ;;      Locals:         4       0       0       0       0       0       0       0       0       0       0       0       
      +0       0       0       0       0       0       0       0       0       0       0       0       0       0       0       
      +0       0       0       0       0       0
  5439 ;;      Temps:          0       0       0       0       0       0       0       0       0       0       0       0       
      +0       0       0       0       0       0       0       0       0       0       0       0       0       0       0       
      +0       0       0       0       0       0
  5440 ;;      Totals:        12       0       0       0       0       0       0       0       0       0       0       0       
      +0       0       0       0       0       0       0       0       0       0       0       0       0       0       0       
      +0       0       0       0       0       0
  5441 ;;Total ram usage:       12 bytes
  5442 ;; Hardware stack levels used: 1
  5443 ;; Hardware stack levels required when called: 1
  5444 ;; This function calls:
  5445 ;;		Nothing
  5446 ;; This function is called by:
  5447 ;;		_adcToMv
  5448 ;; This function uses a non-reentrant model
  5449 ;;
  5450                           
  5451                           	psect	text32
  5452   004E8C                     __ptext32:
  5453                           	callstack 0
  5454   004E8C                     ___lmul:
  5455                           	callstack 27
  5456   004E8C  0E00               	movlw	0
  5457   004E8E  6E09               	movwf	___lmul@product^0,c
  5458   004E90  0E00               	movlw	0
  5459   004E92  6E0A               	movwf	(___lmul@product+1)^0,c
  5460   004E94  0E00               	movlw	0
  5461   004E96  6E0B               	movwf	(___lmul@product+2)^0,c
  5462   004E98  0E00               	movlw	0
  5463   004E9A  6E0C               	movwf	(___lmul@product+3)^0,c
  5464   004E9C                     l2108:
  5465   004E9C  A001               	btfss	___lmul@multiplier^0,0,c
  5466   004E9E  EF53  F027         	goto	u1291
  5467   004EA2  EF55  F027         	goto	u1290
  5468   004EA6                     u1291:
  5469   004EA6  EF5D  F027         	goto	l2112
  5470   004EAA                     u1290:
  5471   004EAA  5005               	movf	___lmul@multiplicand^0,w,c
  5472   004EAC  2609               	addwf	___lmul@product^0,f,c
  5473   004EAE  5006               	movf	(___lmul@multiplicand+1)^0,w,c
  5474   004EB0  220A               	addwfc	(___lmul@product+1)^0,f,c
  5475   004EB2  5007               	movf	(___lmul@multiplicand+2)^0,w,c
  5476   004EB4  220B               	addwfc	(___lmul@product+2)^0,f,c
  5477   004EB6  5008               	movf	(___lmul@multiplicand+3)^0,w,c
  5478   004EB8  220C               	addwfc	(___lmul@product+3)^0,f,c
  5479   004EBA                     l2112:
  5480   004EBA  90D8               	bcf	status,0,c
  5481   004EBC  3605               	rlcf	___lmul@multiplicand^0,f,c
  5482   004EBE  3606               	rlcf	(___lmul@multiplicand+1)^0,f,c
  5483   004EC0  3607               	rlcf	(___lmul@multiplicand+2)^0,f,c
  5484   004EC2  3608               	rlcf	(___lmul@multiplicand+3)^0,f,c
  5485   004EC4  90D8               	bcf	status,0,c
  5486   004EC6  3204               	rrcf	(___lmul@multiplier+3)^0,f,c
  5487   004EC8  3203               	rrcf	(___lmul@multiplier+2)^0,f,c
  5488   004ECA  3202               	rrcf	(___lmul@multiplier+1)^0,f,c
  5489   004ECC  3201               	rrcf	___lmul@multiplier^0,f,c
  5490   004ECE  5001               	movf	___lmul@multiplier^0,w,c
  5491   004ED0  1002               	iorwf	(___lmul@multiplier+1)^0,w,c
  5492   004ED2  1003               	iorwf	(___lmul@multiplier+2)^0,w,c
  5493   004ED4  1004               	iorwf	(___lmul@multiplier+3)^0,w,c
  5494   004ED6  A4D8               	btfss	status,2,c
  5495   004ED8  EF70  F027         	goto	u1301
  5496   004EDC  EF72  F027         	goto	u1300
  5497   004EE0                     u1301:
  5498   004EE0  EF4E  F027         	goto	l2108
  5499   004EE4                     u1300:
  5500   004EE4  C009  F001         	movff	___lmul@product,?___lmul
  5501   004EE8  C00A  F002         	movff	___lmul@product+1,?___lmul+1
  5502   004EEC  C00B  F003         	movff	___lmul@product+2,?___lmul+2
  5503   004EF0  C00C  F004         	movff	___lmul@product+3,?___lmul+3
  5504   004EF4  0012               	return		;funcret
  5505   004EF6                     __end_of___lmul:
  5506                           	callstack 0
  5507                           
  5508 ;; *************** function ___lldiv *****************
  5509 ;; Defined at:
  5510 ;;		line 7 in file "C:\Program Files\Microchip\xc8\v3.10\pic\sources\c99\common\__lldiv.c"
  5511 ;; Parameters:    Size  Location     Type
  5512 ;;  dividend        4   12[COMRAM] unsigned long 
  5513 ;;  divisor         4   16[COMRAM] unsigned long 
  5514 ;; Auto vars:     Size  Location     Type
  5515 ;;  quotient        4   20[COMRAM] unsigned long 
  5516 ;;  counter         1   24[COMRAM] unsigned char 
  5517 ;; Return value:  Size  Location     Type
  5518 ;;                  4   12[COMRAM] unsigned long 
  5519 ;; Registers used:
  5520 ;;		wreg, status,2, status,0
  5521 ;; Tracked objects:
  5522 ;;		On entry : 0/0
  5523 ;;		On exit  : 0/0
  5524 ;;		Unchanged: 0/0
  5525 ;; Data sizes:     COMRAM   BANK0   BANK1   BANK2   BANK3   BANK4   BANK5   BANK6   BANK7   BANK8   BANK9  BANK10  BANK1
      +1  BANK12  BANK13  BANK14  BANK15  BANK16  BANK17  BANK18  BANK19  BANK20  BANK21  BANK22  BANK23  BANK24  BANK25  BANK2
      +6  BANK27  BANK28  BANK29  BANK30  BANK31
  5526 ;;      Params:         8       0       0       0       0       0       0       0       0       0       0       0       
      +0       0       0       0       0       0       0       0       0       0       0       0       0       0       0       
      +0       0       0       0       0       0
  5527 ;;      Locals:         5       0       0       0       0       0       0       0       0       0       0       0       
      +0       0       0       0       0       0       0       0       0       0       0       0       0       0       0       
      +0       0       0       0       0       0
  5528 ;;      Temps:          0       0       0       0       0       0       0       0       0       0       0       0       
      +0       0       0       0       0       0       0       0       0       0       0       0       0       0       0       
      +0       0       0       0       0       0
  5529 ;;      Totals:        13       0       0       0       0       0       0       0       0       0       0       0       
      +0       0       0       0       0       0       0       0       0       0       0       0       0       0       0       
      +0       0       0       0       0       0
  5530 ;;Total ram usage:       13 bytes
  5531 ;; Hardware stack levels used: 1
  5532 ;; Hardware stack levels required when called: 1
  5533 ;; This function calls:
  5534 ;;		Nothing
  5535 ;; This function is called by:
  5536 ;;		_adcToMv
  5537 ;; This function uses a non-reentrant model
  5538 ;;
  5539                           
  5540                           	psect	text33
  5541   004AF6                     __ptext33:
  5542                           	callstack 0
  5543   004AF6                     ___lldiv:
  5544                           	callstack 27
  5545   004AF6  0E00               	movlw	0
  5546   004AF8  6E15               	movwf	___lldiv@quotient^0,c
  5547   004AFA  0E00               	movlw	0
  5548   004AFC  6E16               	movwf	(___lldiv@quotient+1)^0,c
  5549   004AFE  0E00               	movlw	0
  5550   004B00  6E17               	movwf	(___lldiv@quotient+2)^0,c
  5551   004B02  0E00               	movlw	0
  5552   004B04  6E18               	movwf	(___lldiv@quotient+3)^0,c
  5553   004B06  5011               	movf	___lldiv@divisor^0,w,c
  5554   004B08  1012               	iorwf	(___lldiv@divisor+1)^0,w,c
  5555   004B0A  1013               	iorwf	(___lldiv@divisor+2)^0,w,c
  5556   004B0C  1014               	iorwf	(___lldiv@divisor+3)^0,w,c
  5557   004B0E  B4D8               	btfsc	status,2,c
  5558   004B10  EF8C  F025         	goto	u1311
  5559   004B14  EF8E  F025         	goto	u1310
  5560   004B18                     u1311:
  5561   004B18  EFC4  F025         	goto	l204
  5562   004B1C                     u1310:
  5563   004B1C  0E01               	movlw	1
  5564   004B1E  6E19               	movwf	___lldiv@counter^0,c
  5565   004B20  EF98  F025         	goto	l2124
  5566   004B24                     l2122:
  5567   004B24  90D8               	bcf	status,0,c
  5568   004B26  3611               	rlcf	___lldiv@divisor^0,f,c
  5569   004B28  3612               	rlcf	(___lldiv@divisor+1)^0,f,c
  5570   004B2A  3613               	rlcf	(___lldiv@divisor+2)^0,f,c
  5571   004B2C  3614               	rlcf	(___lldiv@divisor+3)^0,f,c
  5572   004B2E  2A19               	incf	___lldiv@counter^0,f,c
  5573   004B30                     l2124:
  5574   004B30  AE14               	btfss	(___lldiv@divisor+3)^0,7,c
  5575   004B32  EF9D  F025         	goto	u1321
  5576   004B36  EF9F  F025         	goto	u1320
  5577   004B3A                     u1321:
  5578   004B3A  EF92  F025         	goto	l2122
  5579   004B3E                     u1320:
  5580   004B3E                     l2126:
  5581   004B3E  90D8               	bcf	status,0,c
  5582   004B40  3615               	rlcf	___lldiv@quotient^0,f,c
  5583   004B42  3616               	rlcf	(___lldiv@quotient+1)^0,f,c
  5584   004B44  3617               	rlcf	(___lldiv@quotient+2)^0,f,c
  5585   004B46  3618               	rlcf	(___lldiv@quotient+3)^0,f,c
  5586   004B48  5011               	movf	___lldiv@divisor^0,w,c
  5587   004B4A  5C0D               	subwf	___lldiv@dividend^0,w,c
  5588   004B4C  5012               	movf	(___lldiv@divisor+1)^0,w,c
  5589   004B4E  580E               	subwfb	(___lldiv@dividend+1)^0,w,c
  5590   004B50  5013               	movf	(___lldiv@divisor+2)^0,w,c
  5591   004B52  580F               	subwfb	(___lldiv@dividend+2)^0,w,c
  5592   004B54  5014               	movf	(___lldiv@divisor+3)^0,w,c
  5593   004B56  5810               	subwfb	(___lldiv@dividend+3)^0,w,c
  5594   004B58  A0D8               	btfss	status,0,c
  5595   004B5A  EFB1  F025         	goto	u1331
  5596   004B5E  EFB3  F025         	goto	u1330
  5597   004B62                     u1331:
  5598   004B62  EFBC  F025         	goto	l2134
  5599   004B66                     u1330:
  5600   004B66  5011               	movf	___lldiv@divisor^0,w,c
  5601   004B68  5E0D               	subwf	___lldiv@dividend^0,f,c
  5602   004B6A  5012               	movf	(___lldiv@divisor+1)^0,w,c
  5603   004B6C  5A0E               	subwfb	(___lldiv@dividend+1)^0,f,c
  5604   004B6E  5013               	movf	(___lldiv@divisor+2)^0,w,c
  5605   004B70  5A0F               	subwfb	(___lldiv@dividend+2)^0,f,c
  5606   004B72  5014               	movf	(___lldiv@divisor+3)^0,w,c
  5607   004B74  5A10               	subwfb	(___lldiv@dividend+3)^0,f,c
  5608   004B76  8015               	bsf	___lldiv@quotient^0,0,c
  5609   004B78                     l2134:
  5610   004B78  90D8               	bcf	status,0,c
  5611   004B7A  3214               	rrcf	(___lldiv@divisor+3)^0,f,c
  5612   004B7C  3213               	rrcf	(___lldiv@divisor+2)^0,f,c
  5613   004B7E  3212               	rrcf	(___lldiv@divisor+1)^0,f,c
  5614   004B80  3211               	rrcf	___lldiv@divisor^0,f,c
  5615   004B82  2E19               	decfsz	___lldiv@counter^0,f,c
  5616   004B84  EF9F  F025         	goto	l2126
  5617   004B88                     l204:
  5618   004B88  C015  F00D         	movff	___lldiv@quotient,?___lldiv
  5619   004B8C  C016  F00E         	movff	___lldiv@quotient+1,?___lldiv+1
  5620   004B90  C017  F00F         	movff	___lldiv@quotient+2,?___lldiv+2
  5621   004B94  C018  F010         	movff	___lldiv@quotient+3,?___lldiv+3
  5622   004B98  0012               	return		;funcret
  5623   004B9A                     __end_of___lldiv:
  5624                           	callstack 0
  5625                           
  5626 ;; *************** function _IOC_ISR *****************
  5627 ;; Defined at:
  5628 ;;		line 151 in file "main.c"
  5629 ;; Parameters:    Size  Location     Type
  5630 ;;		None
  5631 ;; Auto vars:     Size  Location     Type
  5632 ;;		None
  5633 ;; Return value:  Size  Location     Type
  5634 ;;                  1    wreg      void 
  5635 ;; Registers used:
  5636 ;;		wreg, status,2
  5637 ;; Tracked objects:
  5638 ;;		On entry : 0/0
  5639 ;;		On exit  : 0/0
  5640 ;;		Unchanged: 0/0
  5641 ;; Data sizes:     COMRAM   BANK0   BANK1   BANK2   BANK3   BANK4   BANK5   BANK6   BANK7   BANK8   BANK9  BANK10  BANK1
      +1  BANK12  BANK13  BANK14  BANK15  BANK16  BANK17  BANK18  BANK19  BANK20  BANK21  BANK22  BANK23  BANK24  BANK25  BANK2
      +6  BANK27  BANK28  BANK29  BANK30  BANK31
  5642 ;;      Params:         0       0       0       0       0       0       0       0       0       0       0       0       
      +0       0       0       0       0       0       0       0       0       0       0       0       0       0       0       
      +0       0       0       0       0       0
  5643 ;;      Locals:         0       0       0       0       0       0       0       0       0       0       0       0       
      +0       0       0       0       0       0       0       0       0       0       0       0       0       0       0       
      +0       0       0       0       0       0
  5644 ;;      Temps:          0       0       0       0       0       0       0       0       0       0       0       0       
      +0       0       0       0       0       0       0       0       0       0       0       0       0       0       0       
      +0       0       0       0       0       0
  5645 ;;      Totals:         0       0       0       0       0       0       0       0       0       0       0       0       
      +0       0       0       0       0       0       0       0       0       0       0       0       0       0       0       
      +0       0       0       0       0       0
  5646 ;;Total ram usage:        0 bytes
  5647 ;; Hardware stack levels used: 1
  5648 ;; This function calls:
  5649 ;;		Nothing
  5650 ;; This function is called by:
  5651 ;;		Interrupt level 2
  5652 ;; This function uses a non-reentrant model
  5653 ;;
  5654                           
  5655                           	psect	text34
  5656   0052B4                     __ptext34:
  5657                           	callstack 0
  5658   0052B4                     _IOC_ISR:
  5659                           	callstack 21
  5660   0052B4                     
  5661                           ;main.c: 153:     if(IOCCFbits.IOCCF2 == 1)
  5662   0052B4  013A               	movlb	58	; () banked
  5663   0052B6  A567               	btfss	103,2,b	;volatile
  5664   0052B8  EF60  F029         	goto	i2u144_41
  5665   0052BC  EF62  F029         	goto	i2u144_40
  5666   0052C0                     i2u144_41:
  5667   0052C0  EF67  F029         	goto	i2l2312
  5668   0052C4                     i2u144_40:
  5669   0052C4                     
  5670                           ; BSR set to: 58
  5671                           ;main.c: 154:     {;main.c: 155:         stopFlag = 1;
  5672   0052C4  0E01               	movlw	1
  5673   0052C6  0100               	movlb	0	; () banked
  5674   0052C8  6FA6               	movwf	_stopFlag& (0+255),b	;volatile
  5675   0052CA                     
  5676                           ; BSR set to: 0
  5677                           ;main.c: 156:         IOCCFbits.IOCCF2 = 0;
  5678   0052CA  013A               	movlb	58	; () banked
  5679   0052CC  9567               	bcf	103,2,b	;volatile
  5680   0052CE                     i2l2312:
  5681                           
  5682                           ; BSR set to: 58
  5683                           ;main.c: 159:     PIR0bits.IOCIF = 0;
  5684   0052CE  0139               	movlb	57	; () banked
  5685   0052D0  9FA0               	bcf	160,7,b	;volatile
  5686   0052D2                     
  5687                           ; BSR set to: 57
  5688   0052D2  0011               	retfie		f
  5689   0052D4                     __end_of_IOC_ISR:
  5690                           	callstack 0
  5691                           
  5692                           ;
  5693                           ; H/W Interrupt Vector Table @ 0x4008
  5694                           ;
  5695                           
  5696                           	psect	ivt0x4008
  5697   004008                     __pivt0x4008:
  5698                           	callstack 0
  5699   004008                     ivt0x4008_base:
  5700                           	callstack 0
  5701                           
  5702                           ; Vector 0 : SWINT
  5703   004008  102B               	dw	ivt0x4008_undefint shr (0+2)
  5704                           
  5705                           ; Vector 1 : HLVD
  5706   00400A  102B               	dw	ivt0x4008_undefint shr (0+2)
  5707                           
  5708                           ; Vector 2 : OSF
  5709   00400C  102B               	dw	ivt0x4008_undefint shr (0+2)
  5710                           
  5711                           ; Vector 3 : CSW
  5712   00400E  102B               	dw	ivt0x4008_undefint shr (0+2)
  5713                           
  5714                           ; Vector 4 : NVM
  5715   004010  102B               	dw	ivt0x4008_undefint shr (0+2)
  5716                           
  5717                           ; Vector 5 : SCAN
  5718   004012  102B               	dw	ivt0x4008_undefint shr (0+2)
  5719                           
  5720                           ; Vector 6 : CRC
  5721   004014  102B               	dw	ivt0x4008_undefint shr (0+2)
  5722                           
  5723                           ; Vector 7 : IOC
  5724   004016  14AD               	dw	_IOC_ISR shr (0+2)
  5725                           
  5726                           ; Vector 8 : INT0
  5727   004018  102B               	dw	ivt0x4008_undefint shr (0+2)
  5728                           
  5729                           ; Vector 9 : ZCD
  5730   00401A  102B               	dw	ivt0x4008_undefint shr (0+2)
  5731                           
  5732                           ; Vector 10 : AD
  5733   00401C  102B               	dw	ivt0x4008_undefint shr (0+2)
  5734                           
  5735                           ; Vector 11 : ADT
  5736   00401E  102B               	dw	ivt0x4008_undefint shr (0+2)
  5737                           
  5738                           ; Vector 12 : CMP1
  5739   004020  102B               	dw	ivt0x4008_undefint shr (0+2)
  5740                           
  5741                           ; Vector 13 : SMT1
  5742   004022  102B               	dw	ivt0x4008_undefint shr (0+2)
  5743                           
  5744                           ; Vector 14 : SMT1PRA
  5745   004024  102B               	dw	ivt0x4008_undefint shr (0+2)
  5746                           
  5747                           ; Vector 15 : SMT1PRW
  5748   004026  102B               	dw	ivt0x4008_undefint shr (0+2)
  5749                           
  5750                           ; Vector 16 : DMA1SCNT
  5751   004028  102B               	dw	ivt0x4008_undefint shr (0+2)
  5752                           
  5753                           ; Vector 17 : DMA1DCNT
  5754   00402A  102B               	dw	ivt0x4008_undefint shr (0+2)
  5755                           
  5756                           ; Vector 18 : DMA1OR
  5757   00402C  102B               	dw	ivt0x4008_undefint shr (0+2)
  5758                           
  5759                           ; Vector 19 : DMA1A
  5760   00402E  102B               	dw	ivt0x4008_undefint shr (0+2)
  5761                           
  5762                           ; Vector 20 : SPI1RX
  5763   004030  102B               	dw	ivt0x4008_undefint shr (0+2)
  5764                           
  5765                           ; Vector 21 : SPI1TX
  5766   004032  102B               	dw	ivt0x4008_undefint shr (0+2)
  5767                           
  5768                           ; Vector 22 : SPI1
  5769   004034  102B               	dw	ivt0x4008_undefint shr (0+2)
  5770                           
  5771                           ; Vector 23 : I2C1RX
  5772   004036  102B               	dw	ivt0x4008_undefint shr (0+2)
  5773                           
  5774                           ; Vector 24 : I2C1TX
  5775   004038  102B               	dw	ivt0x4008_undefint shr (0+2)
  5776                           
  5777                           ; Vector 25 : I2C1
  5778   00403A  102B               	dw	ivt0x4008_undefint shr (0+2)
  5779                           
  5780                           ; Vector 26 : I2C1E
  5781   00403C  102B               	dw	ivt0x4008_undefint shr (0+2)
  5782                           
  5783                           ; Vector 27 : U1RX
  5784   00403E  102B               	dw	ivt0x4008_undefint shr (0+2)
  5785                           
  5786                           ; Vector 28 : U1TX
  5787   004040  102B               	dw	ivt0x4008_undefint shr (0+2)
  5788                           
  5789                           ; Vector 29 : U1E
  5790   004042  102B               	dw	ivt0x4008_undefint shr (0+2)
  5791                           
  5792                           ; Vector 30 : U1
  5793   004044  102B               	dw	ivt0x4008_undefint shr (0+2)
  5794                           
  5795                           ; Vector 31 : TMR0
  5796   004046  102B               	dw	ivt0x4008_undefint shr (0+2)
  5797                           
  5798                           ; Vector 32 : TMR1
  5799   004048  102B               	dw	ivt0x4008_undefint shr (0+2)
  5800                           
  5801                           ; Vector 33 : TMR1G
  5802   00404A  102B               	dw	ivt0x4008_undefint shr (0+2)
  5803                           
  5804                           ; Vector 34 : TMR2
  5805   00404C  102B               	dw	ivt0x4008_undefint shr (0+2)
  5806                           
  5807                           ; Vector 35 : CCP1
  5808   00404E  102B               	dw	ivt0x4008_undefint shr (0+2)
  5809                           
  5810                           ; Vector 36 : Undefined
  5811   004050  102B               	dw	ivt0x4008_undefint shr (0+2)
  5812                           
  5813                           ; Vector 37 : NCO1
  5814   004052  102B               	dw	ivt0x4008_undefint shr (0+2)
  5815                           
  5816                           ; Vector 38 : CWG1
  5817   004054  102B               	dw	ivt0x4008_undefint shr (0+2)
  5818                           
  5819                           ; Vector 39 : CLC1
  5820   004056  102B               	dw	ivt0x4008_undefint shr (0+2)
  5821                           
  5822                           ; Vector 40 : INT1
  5823   004058  102B               	dw	ivt0x4008_undefint shr (0+2)
  5824                           
  5825                           ; Vector 41 : CMP2
  5826   00405A  102B               	dw	ivt0x4008_undefint shr (0+2)
  5827                           
  5828                           ; Vector 42 : DMA2SCNT
  5829   00405C  102B               	dw	ivt0x4008_undefint shr (0+2)
  5830                           
  5831                           ; Vector 43 : DMA2DCNT
  5832   00405E  102B               	dw	ivt0x4008_undefint shr (0+2)
  5833                           
  5834                           ; Vector 44 : DMA2OR
  5835   004060  102B               	dw	ivt0x4008_undefint shr (0+2)
  5836                           
  5837                           ; Vector 45 : DMA2A
  5838   004062  102B               	dw	ivt0x4008_undefint shr (0+2)
  5839                           
  5840                           ; Vector 46 : I2C2RX
  5841   004064  102B               	dw	ivt0x4008_undefint shr (0+2)
  5842                           
  5843                           ; Vector 47 : I2C2TX
  5844   004066  102B               	dw	ivt0x4008_undefint shr (0+2)
  5845                           
  5846                           ; Vector 48 : I2C2
  5847   004068  102B               	dw	ivt0x4008_undefint shr (0+2)
  5848                           
  5849                           ; Vector 49 : I2C2E
  5850   00406A  102B               	dw	ivt0x4008_undefint shr (0+2)
  5851                           
  5852                           ; Vector 50 : U2RX
  5853   00406C  102B               	dw	ivt0x4008_undefint shr (0+2)
  5854                           
  5855                           ; Vector 51 : U2TX
  5856   00406E  102B               	dw	ivt0x4008_undefint shr (0+2)
  5857                           
  5858                           ; Vector 52 : U2E
  5859   004070  102B               	dw	ivt0x4008_undefint shr (0+2)
  5860                           
  5861                           ; Vector 53 : U2
  5862   004072  102B               	dw	ivt0x4008_undefint shr (0+2)
  5863                           
  5864                           ; Vector 54 : TMR3
  5865   004074  102B               	dw	ivt0x4008_undefint shr (0+2)
  5866                           
  5867                           ; Vector 55 : TMR3G
  5868   004076  102B               	dw	ivt0x4008_undefint shr (0+2)
  5869                           
  5870                           ; Vector 56 : TMR4
  5871   004078  102B               	dw	ivt0x4008_undefint shr (0+2)
  5872                           
  5873                           ; Vector 57 : CCP2
  5874   00407A  102B               	dw	ivt0x4008_undefint shr (0+2)
  5875                           
  5876                           ; Vector 58 : Undefined
  5877   00407C  102B               	dw	ivt0x4008_undefint shr (0+2)
  5878                           
  5879                           ; Vector 59 : CWG2
  5880   00407E  102B               	dw	ivt0x4008_undefint shr (0+2)
  5881                           
  5882                           ; Vector 60 : CLC2
  5883   004080  102B               	dw	ivt0x4008_undefint shr (0+2)
  5884                           
  5885                           ; Vector 61 : INT2
  5886   004082  102B               	dw	ivt0x4008_undefint shr (0+2)
  5887                           
  5888                           ; Vector 62 : Undefined
  5889   004084  102B               	dw	ivt0x4008_undefint shr (0+2)
  5890                           
  5891                           ; Vector 63 : Undefined
  5892   004086  102B               	dw	ivt0x4008_undefint shr (0+2)
  5893                           
  5894                           ; Vector 64 : Undefined
  5895   004088  102B               	dw	ivt0x4008_undefint shr (0+2)
  5896                           
  5897                           ; Vector 65 : Undefined
  5898   00408A  102B               	dw	ivt0x4008_undefint shr (0+2)
  5899                           
  5900                           ; Vector 66 : Undefined
  5901   00408C  102B               	dw	ivt0x4008_undefint shr (0+2)
  5902                           
  5903                           ; Vector 67 : Undefined
  5904   00408E  102B               	dw	ivt0x4008_undefint shr (0+2)
  5905                           
  5906                           ; Vector 68 : Undefined
  5907   004090  102B               	dw	ivt0x4008_undefint shr (0+2)
  5908                           
  5909                           ; Vector 69 : Undefined
  5910   004092  102B               	dw	ivt0x4008_undefint shr (0+2)
  5911                           
  5912                           ; Vector 70 : TMR5
  5913   004094  102B               	dw	ivt0x4008_undefint shr (0+2)
  5914                           
  5915                           ; Vector 71 : TMR5G
  5916   004096  102B               	dw	ivt0x4008_undefint shr (0+2)
  5917                           
  5918                           ; Vector 72 : TMR6
  5919   004098  102B               	dw	ivt0x4008_undefint shr (0+2)
  5920                           
  5921                           ; Vector 73 : CCP3
  5922   00409A  102B               	dw	ivt0x4008_undefint shr (0+2)
  5923                           
  5924                           ; Vector 74 : CWG3
  5925   00409C  102B               	dw	ivt0x4008_undefint shr (0+2)
  5926                           
  5927                           ; Vector 75 : CLC3
  5928   00409E  102B               	dw	ivt0x4008_undefint shr (0+2)
  5929                           
  5930                           ; Vector 76 : Undefined
  5931   0040A0  102B               	dw	ivt0x4008_undefint shr (0+2)
  5932                           
  5933                           ; Vector 77 : Undefined
  5934   0040A2  102B               	dw	ivt0x4008_undefint shr (0+2)
  5935                           
  5936                           ; Vector 78 : Undefined
  5937   0040A4  102B               	dw	ivt0x4008_undefint shr (0+2)
  5938                           
  5939                           ; Vector 79 : Undefined
  5940   0040A6  102B               	dw	ivt0x4008_undefint shr (0+2)
  5941                           
  5942                           ; Vector 80 : CCP4
  5943   0040A8  102B               	dw	ivt0x4008_undefint shr (0+2)
  5944                           
  5945                           ; Vector 81 : CLC4
  5946   0040AA  102B               	dw	ivt0x4008_undefint shr (0+2)
  5947   0040AC                     ivt0x4008_undefint:
  5948                           	callstack 0
  5949   0040AC  00FF               	reset	
  5950                           
  5951                           	psect	rparam
  5952   000001                     ___rparam_used  equ	1
  5953   000000                     ___param_bank   equ	0
  5954   000000                     __Lparam        equ	__Lrparam
  5955   000000                     __Hparam        equ	__Hrparam
  5956                           
  5957                           	psect	config
  5958                           
  5959                           ;Config register CONFIG1L @ 0x300000
  5960                           ;	External Oscillator Selection
  5961                           ;	FEXTOSC = OFF, Oscillator not enabled
  5962                           ;	Reset Oscillator Selection
  5963                           ;	RSTOSC = HFINTOSC_1MHZ, HFINTOSC with HFFRQ = 4 MHz and CDIV = 4:1
  5964   300000                     	org	3145728
  5965   300000  EC                 	db	236
  5966                           
  5967                           ;Config register CONFIG1H @ 0x300001
  5968                           ;	Clock out Enable bit
  5969                           ;	CLKOUTEN = OFF, CLKOUT function is disabled
  5970                           ;	PRLOCKED One-Way Set Enable bit
  5971                           ;	PR1WAY = ON, PRLOCK bit can be cleared and set only once
  5972                           ;	Clock Switch Enable bit
  5973                           ;	CSWEN = ON, Writing to NOSC and NDIV is allowed
  5974                           ;	Fail-Safe Clock Monitor Enable bit
  5975                           ;	FCMEN = OFF, Fail-Safe Clock Monitor disabled
  5976   300001                     	org	3145729
  5977   300001  DF                 	db	223
  5978                           
  5979                           ;Config register CONFIG2L @ 0x300002
  5980                           ;	MCLR Enable bit
  5981                           ;	MCLRE = EXTMCLR, If LVP = 0, MCLR pin is MCLR; If LVP = 1, RE3 pin function is MCLR
  5982                           ;	Power-up timer selection bits
  5983                           ;	PWRTS = PWRT_OFF, PWRT is disabled
  5984                           ;	Multi-vector enable bit
  5985                           ;	MVECEN = ON, Multi-vector enabled, Vector table used for interrupts
  5986                           ;	IVTLOCK bit One-way set enable bit
  5987                           ;	IVT1WAY = ON, IVTLOCK bit can be cleared and set only once
  5988                           ;	Low Power BOR Enable bit
  5989                           ;	LPBOREN = OFF, ULPBOR disabled
  5990                           ;	Brown-out Reset Enable bits
  5991                           ;	BOREN = SBORDIS, Brown-out Reset enabled , SBOREN bit is ignored
  5992   300002                     	org	3145730
  5993   300002  FF                 	db	255
  5994                           
  5995                           ;Config register CONFIG2H @ 0x300003
  5996                           ;	Brown-out Reset Voltage Selection bits
  5997                           ;	BORV = VBOR_2P45, Brown-out Reset Voltage (VBOR) set to 2.45V
  5998                           ;	ZCD Disable bit
  5999                           ;	ZCD = OFF, ZCD disabled. ZCD can be enabled by setting the ZCDSEN bit of ZCDCON
  6000                           ;	PPSLOCK bit One-Way Set Enable bit
  6001                           ;	PPS1WAY = ON, PPSLOCK bit can be cleared and set only once; PPS registers remain locke
      +                          d after one clear/set cycle
  6002                           ;	Stack Full/Underflow Reset Enable bit
  6003                           ;	STVREN = ON, Stack full/underflow will cause Reset
  6004                           ;	Debugger Enable bit
  6005                           ;	DEBUG = OFF, Background debugger disabled
  6006                           ;	Extended Instruction Set Enable bit
  6007                           ;	XINST = OFF, Extended Instruction Set and Indexed Addressing Mode disabled
  6008   300003                     	org	3145731
  6009   300003  FF                 	db	255
  6010                           
  6011                           ;Config register CONFIG3L @ 0x300004
  6012                           ;	WDT Period selection bits
  6013                           ;	WDTCPS = WDTCPS_31, Divider ratio 1:65536; software control of WDTPS
  6014                           ;	WDT operating mode
  6015                           ;	WDTE = OFF, WDT Disabled; SWDTEN is ignored
  6016   300004                     	org	3145732
  6017   300004  9F                 	db	159
  6018                           
  6019                           ;Config register CONFIG3H @ 0x300005
  6020                           ;	WDT Window Select bits
  6021                           ;	WDTCWS = WDTCWS_7, window always open (100%); software control; keyed access not requi
      +                          red
  6022                           ;	WDT input clock selector
  6023                           ;	WDTCCS = SC, Software Control
  6024   300005                     	org	3145733
  6025   300005  FF                 	db	255
  6026                           
  6027                           ;Config register CONFIG4L @ 0x300006
  6028                           ;	Boot Block Size selection bits
  6029                           ;	BBSIZE = BBSIZE_512, Boot Block size is 512 words
  6030                           ;	Boot Block enable bit
  6031                           ;	BBEN = OFF, Boot block disabled
  6032                           ;	Storage Area Flash enable bit
  6033                           ;	SAFEN = OFF, SAF disabled
  6034                           ;	Application Block write protection bit
  6035                           ;	WRTAPP = OFF, Application Block not write protected
  6036   300006                     	org	3145734
  6037   300006  FF                 	db	255
  6038                           
  6039                           ;Config register CONFIG4H @ 0x300007
  6040                           ;	Boot Block Write Protection bit
  6041                           ;	WRTB = OFF, Boot Block not write-protected
  6042                           ;	Configuration Register Write Protection bit
  6043                           ;	WRTC = OFF, Configuration registers not write-protected
  6044                           ;	Data EEPROM Write Protection bit
  6045                           ;	WRTD = OFF, Data EEPROM not write-protected
  6046                           ;	SAF Write protection bit
  6047                           ;	WRTSAF = OFF, SAF not Write Protected
  6048                           ;	Low Voltage Programming Enable bit
  6049                           ;	LVP = ON, Low voltage programming enabled. MCLR/VPP pin function is MCLR. MCLRE config
      +                          uration bit is ignored
  6050   300007                     	org	3145735
  6051   300007  FF                 	db	255
  6052                           
  6053                           ;Config register CONFIG5L @ 0x300008
  6054                           ;	PFM and Data EEPROM Code Protection bit
  6055                           ;	CP = OFF, PFM and Data EEPROM code protection disabled
  6056   300008                     	org	3145736
  6057   300008  FF                 	db	255
  6058                           
  6059                           ;Config register CONFIG5H @ 0x300009
  6060                           ;	unspecified, using default values
  6061   300009                     	org	3145737
  6062   300009  FF                 	db	255
  6063                           tosu	equ	0x3FFF
  6064                           tosh	equ	0x3FFE
  6065                           tosl	equ	0x3FFD
  6066                           stkptr	equ	0x3FFC
  6067                           pclatu	equ	0x3FFB
  6068                           pclath	equ	0x3FFA
  6069                           pcl	equ	0x3FF9
  6070                           tblptru	equ	0x3FF8
  6071                           tblptrh	equ	0x3FF7
  6072                           tblptrl	equ	0x3FF6
  6073                           tablat	equ	0x3FF5
  6074                           prodh	equ	0x3FF4
  6075                           prodl	equ	0x3FF3
  6076                           indf0	equ	0x3FEF
  6077                           postinc0	equ	0x3FEE
  6078                           postdec0	equ	0x3FED
  6079                           preinc0	equ	0x3FEC
  6080                           plusw0	equ	0x3FEB
  6081                           fsr0h	equ	0x3FEA
  6082                           fsr0l	equ	0x3FE9
  6083                           wreg	equ	0x3FE8
  6084                           indf1	equ	0x3FE7
  6085                           postinc1	equ	0x3FE6
  6086                           postdec1	equ	0x3FE5
  6087                           preinc1	equ	0x3FE4
  6088                           plusw1	equ	0x3FE3
  6089                           fsr1h	equ	0x3FE2
  6090                           fsr1l	equ	0x3FE1
  6091                           bsr	equ	0x3FE0
  6092                           indf2	equ	0x3FDF
  6093                           postinc2	equ	0x3FDE
  6094                           postdec2	equ	0x3FDD
  6095                           preinc2	equ	0x3FDC
  6096                           plusw2	equ	0x3FDB
  6097                           fsr2h	equ	0x3FDA
  6098                           fsr2l	equ	0x3FD9
  6099                           status	equ	0x3FD8

Data Sizes:
    Strings     155
    Constant    0
    Data        0
    BSS         40
    Persistent  0
    Stack       0

Auto Spaces:
    Space          Size  Autos    Used
    COMRAM           95     86      91
    BANK0           160     68     103
    BANK1           256      0       0
    BANK2           256      0       0
    BANK3           256      0       0
    BANK4           256      0       0
    BANK5           256      0       0
    BANK6           256      0       0
    BANK7           256      0       0
    BANK8           256      0       0
    BANK9           256      0       0
    BANK10          256      0       0
    BANK11          256      0       0
    BANK12          256      0       0
    BANK13          256      0       0
    BANK14          256      0       0
    BANK15          256      0       0
    BANK16          256      0       0
    BANK17          256      0       0
    BANK18          256      0       0
    BANK19          256      0       0
    BANK20          256      0       0
    BANK21          256      0       0
    BANK22          256      0       0
    BANK23          256      0       0
    BANK24          256      0       0
    BANK25          256      0       0
    BANK26          256      0       0
    BANK27          256      0       0
    BANK28          256      0       0
    BANK29          256      0       0
    BANK30          256      0       0
    BANK31          256      0       0

Pointer List with Targets:

    dtoa@fp	PTR struct _IO_FILE size(1) Largest target is 12
		 -> sprintf@f(COMRAM[11]), 

    f$.$buffer	PTR unsigned char  size(1) Largest target is 17
		 -> haltReset@msg(COMRAM[17]), main@number(BANK0[10]), 

    f$.$source	PTR const unsigned char  size(2) Largest target is 0

    formatNum@buffer	PTR unsigned char  size(1) Largest target is 10
		 -> main@number(BANK0[10]), 

    fputc@fp	PTR struct _IO_FILE size(1) Largest target is 12
		 -> sprintf@f(COMRAM[11]), 

    fputc@fp$.$buffer	PTR unsigned char  size(1) Largest target is 17
		 -> haltReset@msg(COMRAM[17]), main@number(BANK0[10]), 

    fputc@fp$.$source	PTR const unsigned char  size(2) Largest target is 0

    fputs@fp	PTR struct _IO_FILE size(1) Largest target is 12
		 -> sprintf@f(COMRAM[11]), 

    fputs@s	PTR const unsigned char  size(1) Largest target is 32
		 -> dbuf(BANK0[32]), 

    lcdText@msg	PTR const unsigned char  size(2) Largest target is 17
		 -> haltReset@msg(COMRAM[17]), main@botLine(BANK0[17]), main@topLine(BANK0[17]), STR_10(CODE[15]), 
		 -> STR_7(CODE[17]), STR_9(CODE[17]), 

    lcdTextAt@msg	PTR const unsigned char  size(2) Largest target is 17
		 -> haltReset@msg(COMRAM[17]), main@botLine(BANK0[17]), main@topLine(BANK0[17]), STR_10(CODE[15]), 
		 -> STR_7(CODE[17]), STR_9(CODE[17]), 

    pad@buf	PTR unsigned char  size(1) Largest target is 32
		 -> dbuf(BANK0[32]), 

    pad@fp	PTR struct _IO_FILE size(1) Largest target is 12
		 -> sprintf@f(COMRAM[11]), 

    read_prec_or_width@ap	PTR PTR void [1] size(1) Largest target is 1
		 -> sprintf@ap(COMRAM[1]), 

    read_prec_or_width@fmt	PTR PTR const unsigned char  size(1) Largest target is 1
		 -> vfprintf@cfmt(COMRAM[1]), 

    S1253$buffer	PTR unsigned char  size(1) Largest target is 17
		 -> haltReset@msg(COMRAM[17]), main@number(BANK0[10]), 

    S1253$source	PTR const unsigned char  size(2) Largest target is 0

    sp__strcat	PTR unsigned char  size(1) Largest target is 17
		 -> main@botLine(BANK0[17]), 

    sp__strcpy	PTR unsigned char  size(1) Largest target is 17
		 -> main@botLine(BANK0[17]), main@topLine(BANK0[17]), 

    sprintf@ap	PTR void [1] size(1) Largest target is 2
		 -> ?_sprintf(COMRAM[2]), 

    sprintf@fmt	PTR const unsigned char  size(1) Largest target is 18
		 -> STR_11(CODE[8]), STR_8(CODE[18]), 

    sprintf@s	PTR unsigned char  size(1) Largest target is 17
		 -> haltReset@msg(COMRAM[17]), main@number(BANK0[10]), 

    strcat@dest	PTR unsigned char  size(1) Largest target is 17
		 -> main@botLine(BANK0[17]), 

    strcat@src	PTR const unsigned char  size(2) Largest target is 10
		 -> main@number(BANK0[10]), STR_6(CODE[9]), 

    strcpy@d	PTR unsigned char  size(1) Largest target is 17
		 -> main@botLine(BANK0[17]), main@topLine(BANK0[17]), 

    strcpy@dest	PTR unsigned char  size(1) Largest target is 17
		 -> main@botLine(BANK0[17]), main@topLine(BANK0[17]), 

    strcpy@src	PTR const unsigned char  size(1) Largest target is 17
		 -> STR_1(CODE[17]), STR_2(CODE[17]), STR_3(CODE[17]), STR_4(CODE[17]), 
		 -> STR_5(CODE[3]), 

    utoa@fp	PTR struct _IO_FILE size(1) Largest target is 12
		 -> sprintf@f(COMRAM[11]), 

    vfpfcnvrt@ap	PTR PTR void  size(1) Largest target is 1
		 -> sprintf@ap(COMRAM[1]), 

    vfpfcnvrt@cp	PTR unsigned char  size(1) Largest target is 18
		 -> STR_11(CODE[8]), STR_8(CODE[18]), 

    vfpfcnvrt@fmt	PTR PTR unsigned char  size(1) Largest target is 1
		 -> vfprintf@cfmt(COMRAM[1]), 

    vfpfcnvrt@fp	PTR struct _IO_FILE size(1) Largest target is 12
		 -> sprintf@f(COMRAM[11]), 

    vfprintf@ap	PTR PTR void  size(1) Largest target is 1
		 -> sprintf@ap(COMRAM[1]), 

    vfprintf@cfmt	PTR unsigned char  size(1) Largest target is 18
		 -> STR_11(CODE[8]), STR_8(CODE[18]), 

    vfprintf@fmt	PTR const unsigned char  size(1) Largest target is 18
		 -> STR_11(CODE[8]), STR_8(CODE[18]), 

    vfprintf@fp	PTR struct _IO_FILE size(1) Largest target is 12
		 -> sprintf@f(COMRAM[11]), 


Critical Paths under _main in COMRAM

    _main->_haltReset
    _mvToG->___awdiv
    _lcdInit->_lcdCmd
    _haltReset->_sprintf
    _gToMs2->___awdiv
    _formatNum->_sprintf
    _sprintf->_vfprintf
    _vfprintf->_vfpfcnvrt
    _vfpfcnvrt->_dtoa
    _utoa->_pad
    _dtoa->_pad
    _pad->_fputs
    _fputs->_fputc
    _abs->_gToMs2
    _adcInit->_adcToMv
    _lcdTextAt->_lcdText
    _lcdText->_lcdChar
    _lcdClear->_lcdCmd
    _adcToMv->___lldiv
    ___lldiv->___lmul

Critical Paths under _IOC_ISR in COMRAM

    None.

Critical Paths under _main in BANK0

    None.

Critical Paths under _IOC_ISR in BANK0

    None.

Critical Paths under _main in BANK1

    None.

Critical Paths under _IOC_ISR in BANK1

    None.

Critical Paths under _main in BANK2

    None.

Critical Paths under _IOC_ISR in BANK2

    None.

Critical Paths under _main in BANK3

    None.

Critical Paths under _IOC_ISR in BANK3

    None.

Critical Paths under _main in BANK4

    None.

Critical Paths under _IOC_ISR in BANK4

    None.

Critical Paths under _main in BANK5

    None.

Critical Paths under _IOC_ISR in BANK5

    None.

Critical Paths under _main in BANK6

    None.

Critical Paths under _IOC_ISR in BANK6

    None.

Critical Paths under _main in BANK7

    None.

Critical Paths under _IOC_ISR in BANK7

    None.

Critical Paths under _main in BANK8

    None.

Critical Paths under _IOC_ISR in BANK8

    None.

Critical Paths under _main in BANK9

    None.

Critical Paths under _IOC_ISR in BANK9

    None.

Critical Paths under _main in BANK10

    None.

Critical Paths under _IOC_ISR in BANK10

    None.

Critical Paths under _main in BANK11

    None.

Critical Paths under _IOC_ISR in BANK11

    None.

Critical Paths under _main in BANK12

    None.

Critical Paths under _IOC_ISR in BANK12

    None.

Critical Paths under _main in BANK13

    None.

Critical Paths under _IOC_ISR in BANK13

    None.

Critical Paths under _main in BANK14

    None.

Critical Paths under _IOC_ISR in BANK14

    None.

Critical Paths under _main in BANK15

    None.

Critical Paths under _IOC_ISR in BANK15

    None.

Critical Paths under _main in BANK16

    None.

Critical Paths under _IOC_ISR in BANK16

    None.

Critical Paths under _main in BANK17

    None.

Critical Paths under _IOC_ISR in BANK17

    None.

Critical Paths under _main in BANK18

    None.

Critical Paths under _IOC_ISR in BANK18

    None.

Critical Paths under _main in BANK19

    None.

Critical Paths under _IOC_ISR in BANK19

    None.

Critical Paths under _main in BANK20

    None.

Critical Paths under _IOC_ISR in BANK20

    None.

Critical Paths under _main in BANK21

    None.

Critical Paths under _IOC_ISR in BANK21

    None.

Critical Paths under _main in BANK22

    None.

Critical Paths under _IOC_ISR in BANK22

    None.

Critical Paths under _main in BANK23

    None.

Critical Paths under _IOC_ISR in BANK23

    None.

Critical Paths under _main in BANK24

    None.

Critical Paths under _IOC_ISR in BANK24

    None.

Critical Paths under _main in BANK25

    None.

Critical Paths under _IOC_ISR in BANK25

    None.

Critical Paths under _main in BANK26

    None.

Critical Paths under _IOC_ISR in BANK26

    None.

Critical Paths under _main in BANK27

    None.

Critical Paths under _IOC_ISR in BANK27

    None.

Critical Paths under _main in BANK28

    None.

Critical Paths under _IOC_ISR in BANK28

    None.

Critical Paths under _main in BANK29

    None.

Critical Paths under _IOC_ISR in BANK29

    None.

Critical Paths under _main in BANK30

    None.

Critical Paths under _IOC_ISR in BANK30

    None.

Critical Paths under _main in BANK31

    None.

Critical Paths under _IOC_ISR in BANK31

    None.

Call Graph Tables:

 ---------------------------------------------------------------------------------
 (Depth) Function   	        Calls       Base Space   Used Autos Params    Refs
 ---------------------------------------------------------------------------------
 (0) _main                                                76    76      0   13429
                                             82 COMRAM     4     4      0
                                              0 BANK0     68    68      0
                            ___awdiv
                                _abs
                            _adcInit
                            _adcToMv
                          _formatNum
                             _gToMs2
                          _haltReset
                            _iocInit
                           _lcdClear
                            _lcdInit
                          _lcdTextAt
                              _mvToG
                            _readADC
                             _strcat
                             _strcpy
 ---------------------------------------------------------------------------------
 (1) _strcpy                                               4     2      2      83
                                              0 COMRAM     4     2      2
 ---------------------------------------------------------------------------------
 (1) _strcat                                               5     2      3     124
                                              0 COMRAM     5     2      3
 ---------------------------------------------------------------------------------
 (1) _mvToG                                                6     4      2     357
                                              8 COMRAM     6     4      2
                            ___awdiv
 ---------------------------------------------------------------------------------
 (1) _lcdInit                                              1     1      0      29
                                              1 COMRAM     1     1      0
                             _lcdCmd
 ---------------------------------------------------------------------------------
 (1) _iocInit                                              0     0      0       0
 ---------------------------------------------------------------------------------
 (1) _haltReset                                           20    20      0    4933
                                             62 COMRAM    20    20      0
                           _lcdClear
                          _lcdTextAt
                            _sprintf
 ---------------------------------------------------------------------------------
 (1) _gToMs2                                               6     4      2     333
                                              8 COMRAM     6     4      2
                            ___awdiv
 ---------------------------------------------------------------------------------
 (1) _formatNum                                            7     4      3    5274
                                             62 COMRAM     7     4      3
                            ___awdiv
                            ___awmod
                            _sprintf
 ---------------------------------------------------------------------------------
 (2) _sprintf                                             20    14      6    4505
                                             44 COMRAM    18    12      6
                           _vfprintf
 ---------------------------------------------------------------------------------
 (3) _vfprintf                                             4     1      3    4298
                                             40 COMRAM     4     1      3
                          _vfpfcnvrt
 ---------------------------------------------------------------------------------
 (4) _vfpfcnvrt                                           10     7      3    4162
                                             31 COMRAM     9     6      3
                               _dtoa
                              _fputc
                 _read_prec_or_width
                               _utoa
 ---------------------------------------------------------------------------------
 (5) _utoa                                                 8     5      3    1326
                                             20 COMRAM     8     5      3
                            ___lwdiv
                            ___lwmod
                                _pad
 ---------------------------------------------------------------------------------
 (6) ___lwmod                                              5     1      4     161
                                              0 COMRAM     5     1      4
 ---------------------------------------------------------------------------------
 (6) ___lwdiv                                              7     3      4     164
                                              0 COMRAM     7     3      4
 ---------------------------------------------------------------------------------
 (5) _read_prec_or_width                                   7     5      2     182
                                              0 COMRAM     7     5      2
 ---------------------------------------------------------------------------------
 (5) _dtoa                                                11     8      3    1842
                                             20 COMRAM    11     8      3
                            ___awdiv
                            ___awmod
                                _abs
                                _pad
 ---------------------------------------------------------------------------------
 (6) _pad                                                  7     3      4     750
                                             13 COMRAM     7     3      4
                              _fputc
                              _fputs
 ---------------------------------------------------------------------------------
 (7) _fputs                                                5     3      2     333
                                              8 COMRAM     5     3      2
                              _fputc
 ---------------------------------------------------------------------------------
 (8) _fputc                                                8     5      3     232
                                              0 COMRAM     8     5      3
                              _putch
 ---------------------------------------------------------------------------------
 (9) _putch                                                1     1      0       0
 ---------------------------------------------------------------------------------
 (6) _abs                                                  4     2      2      71
                                             14 COMRAM     4     2      2
                            ___awmod (ARG)
                             _gToMs2 (ARG)
 ---------------------------------------------------------------------------------
 (6) ___awmod                                              6     2      4     300
                                              0 COMRAM     6     2      4
 ---------------------------------------------------------------------------------
 (6) ___awdiv                                              8     4      4     310
                                              0 COMRAM     8     4      4
 ---------------------------------------------------------------------------------
 (1) _adcInit                                              2     2      0     600
                                             27 COMRAM     2     2      0
                            _adcToMv
                           _lcdClear
                          _lcdTextAt
                            _readADC
 ---------------------------------------------------------------------------------
 (2) _readADC                                              7     5      2      52
                                              0 COMRAM     7     5      2
 ---------------------------------------------------------------------------------
 (2) _lcdTextAt                                            5     2      3     235
                                              3 COMRAM     5     2      3
                             _lcdCmd
                            _lcdText
 ---------------------------------------------------------------------------------
 (3) _lcdText                                              2     0      2      75
                                              1 COMRAM     2     0      2
                            _lcdChar
 ---------------------------------------------------------------------------------
 (4) _lcdChar                                              1     1      0      29
                                              0 COMRAM     1     1      0
 ---------------------------------------------------------------------------------
 (2) _lcdClear                                             1     1      0      29
                                              1 COMRAM     1     1      0
                             _lcdCmd
 ---------------------------------------------------------------------------------
 (3) _lcdCmd                                               1     1      0      29
                                              0 COMRAM     1     1      0
 ---------------------------------------------------------------------------------
 (2) _adcToMv                                              2     0      2     284
                                             25 COMRAM     2     0      2
                            ___lldiv
                             ___lmul
                            _readADC (ARG)
 ---------------------------------------------------------------------------------
 (3) ___lmul                                              12     4      8      94
                                              0 COMRAM    12     4      8
 ---------------------------------------------------------------------------------
 (3) ___lldiv                                             13     5      8     164
                                             12 COMRAM    13     5      8
                             ___lmul (ARG)
 ---------------------------------------------------------------------------------
 Estimated maximum stack depth 9
 ---------------------------------------------------------------------------------
 (Depth) Function   	        Calls       Base Space   Used Autos Params    Refs
 ---------------------------------------------------------------------------------
 (10) _IOC_ISR                                             0     0      0       0
 ---------------------------------------------------------------------------------
 Estimated maximum stack depth 10
 ---------------------------------------------------------------------------------

 Call Graph Graphs:

 _main (ROOT)
   ___awdiv
   _abs
     ___awmod (ARG)
     _gToMs2 (ARG)
       ___awdiv
   _adcInit
     _adcToMv
       ___lldiv
         ___lmul (ARG)
       ___lmul
       _readADC (ARG)
     _lcdClear
       _lcdCmd
     _lcdTextAt
       _lcdCmd
       _lcdText
         _lcdChar
     _readADC
   _adcToMv
   _formatNum
     ___awdiv
     ___awmod
     _sprintf
       _vfprintf
         _vfpfcnvrt
           _dtoa
             ___awdiv
             ___awmod
             _abs
             _pad
               _fputc
                 _putch
               _fputs
                 _fputc
           _fputc
           _read_prec_or_width
           _utoa
             ___lwdiv
             ___lwmod
             _pad
   _gToMs2
   _haltReset
     _lcdClear
     _lcdTextAt
     _sprintf
   _iocInit
   _lcdClear
   _lcdInit
     _lcdCmd
   _lcdTextAt
   _mvToG
     ___awdiv
   _readADC
   _strcat
   _strcpy

 _IOC_ISR (ROOT)

Address spaces:
Name               Size   Autos  Total    Usage
BIGRAM            8191      0       0      0.0%
BITBIGSFRh        1433      0       0      0.0%
BITBIGSFRll        400      0       0      0.0%
BITBANK31          256      0       0      0.0%
BANK31             256      0       0      0.0%
BITBANK30          256      0       0      0.0%
BANK30             256      0       0      0.0%
BITBANK29          256      0       0      0.0%
BANK29             256      0       0      0.0%
BITBANK28          256      0       0      0.0%
BANK28             256      0       0      0.0%
BITBANK27          256      0       0      0.0%
BANK27             256      0       0      0.0%
BITBANK26          256      0       0      0.0%
BANK26             256      0       0      0.0%
BITBANK25          256      0       0      0.0%
BANK25             256      0       0      0.0%
BITBANK24          256      0       0      0.0%
BANK24             256      0       0      0.0%
BITBANK23          256      0       0      0.0%
BANK23             256      0       0      0.0%
BITBANK22          256      0       0      0.0%
BANK22             256      0       0      0.0%
BITBANK21          256      0       0      0.0%
BANK21             256      0       0      0.0%
BITBANK20          256      0       0      0.0%
BANK20             256      0       0      0.0%
BITBANK19          256      0       0      0.0%
BANK19             256      0       0      0.0%
BITBANK18          256      0       0      0.0%
BANK18             256      0       0      0.0%
BITBANK17          256      0       0      0.0%
BANK17             256      0       0      0.0%
BITBANK16          256      0       0      0.0%
BANK16             256      0       0      0.0%
BITBANK15          256      0       0      0.0%
BANK15             256      0       0      0.0%
BITBANK14          256      0       0      0.0%
BANK14             256      0       0      0.0%
BITBANK13          256      0       0      0.0%
BANK13             256      0       0      0.0%
BITBANK12          256      0       0      0.0%
BANK12             256      0       0      0.0%
BITBANK11          256      0       0      0.0%
BANK11             256      0       0      0.0%
BITBANK10          256      0       0      0.0%
BANK10             256      0       0      0.0%
BITBANK9           256      0       0      0.0%
BANK9              256      0       0      0.0%
BITBANK8           256      0       0      0.0%
BANK8              256      0       0      0.0%
BITBANK7           256      0       0      0.0%
BANK7              256      0       0      0.0%
BITBANK6           256      0       0      0.0%
BANK6              256      0       0      0.0%
BITBANK5           256      0       0      0.0%
BANK5              256      0       0      0.0%
BITBANK4           256      0       0      0.0%
BANK4              256      0       0      0.0%
BITBANK3           256      0       0      0.0%
BANK3              256      0       0      0.0%
BITBANK2           256      0       0      0.0%
BANK2              256      0       0      0.0%
BITBANK1           256      0       0      0.0%
BANK1              256      0       0      0.0%
BITBIGSFRlh        213      0       0      0.0%
BITBANK0           160      0       0      0.0%
BANK0              160     68     103     64.4%
BITCOMRAM           95      0       0      0.0%
COMRAM              95     86      91     95.8%
STACK                0      0       0      0.0%
DATA                 0      0     194      0.0%


Microchip Technology PIC18 Macro Assembler V3.10 build 20250813170317 
Symbol Table                                                                                   Fri May  1 20:09:52 2026

              ___awdiv@sign 0006                         l112 42DA                         l122 52B2  
                       l211 4B98                         l204 4B88                         l132 4D2E  
                       l141 500E                         l135 515C                         l151 4F5C  
                       l127 492E                         l160 5290                         l144 50D2  
                       l129 499A                         l138 517E                         l154 4C2E  
                       l163 5268                         l147 5050                         l157 52EA  
                       l174 51B4                         l169 4E8A                         l531 4A48  
                       l188 4EE4                         l189 4EF4                         l518 4834  
                       l785 4E18                         l962 51D0                         l778 4E10  
                       l795 4FC0                         l788 4FB8                         l972 5218  
                       l965 51E8                         l992 4C5E                         l995 4C98  
                       l997 4CB2                         u800 51C4                         u801 51C0  
                       u810 4786                         u811 4782                         u820 47A0  
                       u900 49FE                         u821 479C                         u901 49FA  
                       u830 47C4                         u910 4A14                         u750 4A5A  
                       u831 47C0                         u911 4A10                         u751 4A56  
                       u840 47E2                         u920 4A38                         u760 4A6A  
                       u841 47DE                         u921 4A34                         u761 4A66  
                       u850 47FE                         u770 4A90                         u930 4DC0  
                       u851 47FA                         u771 4A8C                         u931 4DBC  
                       u860 4824                         u780 4AC2                         u940 4DDE  
                       u861 4820                         u781 4ABE                         u941 4DDA  
                       u870 49AC                         u790 5146                         u950 4DFA  
                       u871 49A8                         u791 5142                         u951 4DF6  
                       u880 49C6                         u960 4F70                         u881 49C2  
                       u961 4F6C                         u890 49E0                         u970 4F8E  
                       u891 49DC                         u971 4F8A                         u980 4FA4  
                       u981 4FA0                         u990 4C3E                         u991 4C3A  
                       _abs 51B6                         _pad 4C30                ___awmod@sign 0006  
                       wreg 3FE8                 main@botLine 0060             __end_of_IOC_ISR 52D4  
                      l1000 459E                        l1013 469E                        l1031 48EA  
                      l1023 4774                        l2000 48AE                        l2010 5254  
                      l2002 48B6                        l1027 48E2                        ?_abs 000F  
                      l2012 5256                        l2004 5244                        l2100 4E1E  
                      l2020 4376                        l2110 4EAA                        l2014 525E  
                      l2006 524A                        l2102 4E4C                        l1070 4AF4  
                      l1046 4542                        l2030 4394                        l2022 437E  
                      l2120 4B1C                        l2112 4EBA                        l2016 5260  
                      l2008 524C                        l2104 4E50                        l2040 43DC  
                      l2032 43A0                        l2024 4388                        l2200 4BEC  
                      l1081 52EC                        l2130 4B66                        l2122 4B24  
                      l2114 4EC4                        l2106 4E8C                        l2210 4CC2  
                      l2050 4434                        l2042 43F0                        l2026 438C  
                      l2018 434E                        l1058 5092                        l2202 4BF2  
                      l1090 4DA6                        l2132 4B76                        l2124 4B30  
                      l2116 4AF6                        l2108 4E9C                        l2220 4CD8  
                      l2212 4CCC                        l2060 4490                        l2052 4456  
                      l2044 43FE                        l2036 43A8                        l2028 4392  
                      l2140 505A                        l2204 4C08                        l2300 4D3E  
                      l2134 4B78                        l2126 4B3E                        l2118 4B06  
                      l2150 52DA                        l2230 4D10                        l2222 4CDA  
                      l2214 4CCE                        l1078 5146                        l2062 44B2  
                      l2054 4472                        l2046 4408                        l2038 43CC  
                      l2142 506A                        l2206 4C18                        l2302 4D5A  
                      l2136 4B82                        l2128 4B48                        l2160 5176  
                      l2152 514A                        l2232 4D2A                        l2224 4CE0  
                      l2216 4CD0                        l2208 4CB4                        l2072 44F0  
                      l2064 44CE                        l2056 447C                        l2048 4412  
                      l2144 508C                        l2240 4906                        l2304 4D62  
                      l1096 510C                        l2400 4338                        l2320 40CC  
                      l2090 527C                        l2170 5192                        l2154 5150  
                      l2226 4CE4                        l2218 4CD6                        l2066 44DC  
                      l2074 450E                        l2138 5052                        l2250 492C  
                      l2234 5292                        l2330 40D6                        l2322 40CE  
                      l2314 40B2                        l2164 4FC2                        l2092 527E  
                      l2084 526C                        l2148 52D4                        l2172 519C  
                      l2156 5158                        l2228 4CFA                        l2180 51F2  
                      l2260 494E                        l2236 48EC                        l2340 40E4  
                      l2332 40D8                        l2324 40D0                        l2316 40C6  
                      l2094 5286                        l2086 5272                        l2174 51A2  
                      l2158 516A                        l2078 451A                        l2182 51F8  
                      l2270 4996                        l2262 4960                        l2246 490A  
                      l2238 48F0                        l2190 4B9A                        l2350 4110  
                      l2342 40E8                        l2334 40DA                        l2326 40D2  
                      l2318 40CA                        l2096 5288                        l2088 5274  
                      l2176 51A8                        l2168 5182                        l1800 47E2  
                      l2184 51FE                        l2264 4962                        l2256 4930  
                      l2248 491C                        l2192 4BAA                        l2272 5094  
                      l2360 4168                        l2352 411E                        l2344 40EC  
                      l2336 40DC                        l2328 40D4                        l2098 4E1A  
                      l1810 480E                        l1802 47E8                        l2186 520E  
                      l2178 51EA                        l2290 4F0C                        l2266 4972  
                      l2258 493E                        l2194 4BB0                        l2274 50A0  
                      l2282 50D4                        l2370 4238                        l2362 41A8  
                      l2354 412C                        l2346 40FE                        l2338 40E0  
                      l1804 47FE                        l1812 4814                        l1820 499C  
                      l1900 4C58                        l2292 4F26                        l2268 4988  
                      l2196 4BC6                        l2284 50D8                        l2380 4276  
                      l2372 4240                        l2364 41B4                        l2356 4140  
                      l2348 4102                        l1814 4824                        l1806 4806  
                      l1830 49C6                        l1822 499E                        l1750 4A4A  
                      l1902 4C68                        l1910 4544                        l2294 4F40  
                      l2286 4EF6                        l2278 5010                        l2198 4BD6  
                      l2390 42E6                        l2382 4292                        l2374 4248  
                      l2366 41C0                        l2358 4154                        l1816 482C  
                      l1808 4808                        l1840 49FE                        l1832 49CE  
                      l1824 49AC                        l1760 4AC2                        l1752 4A5A  
                      l1904 4C76                        l1920 457A                        l1912 4548  
                      l2288 4F04                        l2296 4D30                        l2392 42F6  
                      l2384 42A2                        l2376 4250                        l2368 41E0  
                      l1850 4A38                        l1842 4A14                        l1834 49E0  
                      l1826 49B4                        l1754 4A6A                        l1770 512A  
                      l1906 4C7A                        l1930 45AC                        l1922 458A  
                      l1914 455C                        l2298 4D3A                        l2394 4304  
                      l2386 42BE                        l2378 4266                        l1780 4786  
                      l1852 4A40                        l1844 4A1C                        l1836 49E8  
                      l1828 49B8                        l1772 51B6                        l1756 4A74  
                      l1764 510E                        l1908 4CA6                        l1932 45B2  
                      l1940 4600                        l1924 4594                        l1916 4564  
                      l1860 4DC0                        l2396 4318                        l2388 42CE  
                      l1790 47AC                        l1782 478E                        l1846 4A22  
                      l1838 49F0                        l1774 51C4                        l1758 4A90  
                      l1766 5118                        l1942 461A                        l1950 4664  
                      l1934 45DE                        l1926 459A                        l1918 4574  
                      l1870 4DFA                        l1862 4DC8                        l2398 4328  
                      l1792 47B2                        l1784 4792                        l1776 4776  
                      l1848 4A28                        l1768 5126                        l1952 4674  
                      l1944 462C                        l1936 45E0                        l1928 45A4  
                      l1872 4E02                        l1864 4DD0                        l1856 4DA8  
                      l1880 4F70                        l1960 46A0                        l1794 47C4  
                      l1786 47A0                        l1778 4778                        l1954 467A  
                      l1946 463C                        l1938 45E6                        l1874 4E04  
                      l1866 4DDE                        l1858 4DAE                        l1890 4FAC  
                      l1882 4F78                        l1970 46E0                        l1962 46A4  
                      l1796 47CC                        l1788 47A8                        l1956 4688  
                      l1948 4656                        l1876 4E0A                        l1868 4DE4  
                      l1892 4FB2                        l1884 4F80                        l1980 4726  
                      l1972 46E2                        l1964 46B2                        l1798 47D4  
                      l1894 4C30                        l1990 4836                        l1886 4F8E  
                      l1878 4F5E                        l1982 4736                        l1974 46E8  
                      l1966 46BA                        ?_pad 000E                        l1896 4C3E  
                      l1992 483C                        l1888 4FA4                        l1984 4750  
                      l1968 46C0                        l1976 4702                        l1898 4C4A  
                      l1994 4864                        l1978 4714                        l1986 475E  
                      l1996 486C                        l1998 488C                        STR_1 2024  
                      STR_2 2035                        STR_3 2057                        STR_4 2013  
                      STR_5 2099                        STR_6 2088                        STR_7 2046  
                      STR_8 2001                        STR_9 2068                        u1000 4C58  
                      u1001 4C54                        u1010 4C98                        u1011 4C94  
                      u1020 4CA6                        u1100 4656                        u1021 4CA2  
                      u1101 4652                        u1110 4664                        u1030 4558  
                      u1111 4660                        u1031 4552                        u1120 4674  
                      u1040 455A                        u1200 4376                        u1121 4670  
                      u1201 4372                        u1050 4574                        u1130 4714  
                      u1210 43DC                        u1051 4570                        u1131 4710  
                      u1211 43D8                        u1300 4EE4                        u1060 458A  
                      u1140 4726                        u1220 43FE                        u1301 4EE0  
                      u1061 4586                        u1141 4722                        u1221 43FA  
                      u1310 4B1C                        u1070 461A                        u1150 4736  
                      u1230 4434                        u1311 4B18                        u1071 4616  
                      u1151 4732                        u1231 4430                        u1320 4B3E  
                      u1080 462C                        u1160 4750                        u1240 4456  
                      u1400 4F04                        u1321 4B3A                        u1081 4628  
                      u1161 474C                        u1241 4452                        u1401 4F00  
                      u1330 4B66                        u1090 463C                        u1170 475E  
                      u1250 44B2                        u1410 4D56                        u1331 4B62  
                      u1091 4638                        u1171 475A                        u1251 44AE  
                      u1411 4D52                        u1260 4E48                        u1180 4864  
                      u1340 508C                        u1420 4D94                        u1181 4860  
                      u1341 5088                        u1270 4E7A                        u1350 516A  
                      u1190 48E2                        u1430 4DA6                        _LATB 3FBB  
                      u1351 5166                        u1191 48DE                        u1431 4DA2  
                      u1280 4E8A                        u1360 5192                        _LATD 3FBD  
                      u1281 4E86                        u1361 518E                        u1290 4EAA  
                      u1370 4960                        u1450 40FE                        u1291 4EA6  
                      u1267 4E3A                        u1371 495C                        u1507 4BA0  
                      u1427 4D86                        u1451 40FA                        u1380 4972  
                      u1460 4266                        u1277 4E6C                        u1381 496E  
                      u1517 4BB6                        u1461 4262                        u1390 510C  
                      u1470 4292                        u1607 4D04                        u1527 4BCC  
                      u1391 5108                        u1471 428E                        u1480 42BE  
                      u1617 5152                        u1537 4BE2                        u1481 42BA  
                      u1627 524E                        u1547 4BF8                        u1637 5258  
                      u1557 4C0E                        u1647 5262                        u1567 4C24  
                      u1657 52E0                        u1577 4936                        u1497 433E  
                      u1667 5276                        u1587 4946                        u1677 5280  
                      u1597 498E                        u1687 528A                        abs@a 000F  
                      _dbuf 00A7                        _main 40B2                        _dtoa 4544  
                      _prec 0059                        pad@i 0013                        pad@p 0010  
                      fsr1h 3FE2                        fsr2h 3FDA                        indf1 3FE7  
                      indf2 3FDF                        fsr1l 3FE1                        fsr2l 3FD9  
                      _utoa 46A0                 main@topLine 007B                        prodh 3FF4  
                      prodl 3FF3                        start 40AE                ___param_bank 0000  
                     ??_abs 0011                       ??_pad 0012                       ?_main 0001  
                     ?_dtoa 0015                       _ADCLK 3EFF                       _ADPCH 3EF1  
           __end_of_adcInit 4D30             __end_of___awdiv 4836                       STR_10 2079  
                     STR_11 2091             __end_of_adcToMv 5010             __end_of___awmod 4A4A  
           __end_of___lldiv 4B9A                       ?_utoa 0015             ___awdiv@divisor 0003  
           __end_of___lwdiv 4E1A                       i2l104 52D2             __end_of___lwmod 4FC2  
           ___awdiv@counter 0005                vfpfcnvrt@fmt 0021                       _TRISB 3FC3  
                     _TRISD 3FC5             __end_of_lcdChar 526A         ___lmul@multiplicand 0005  
           __end_of_lcdInit 4C30             __end_of_lcdText 4E8C             __end_of_iocInit 52B4  
           __end_of_readADC 5180                       _flags 005B         read_prec_or_width@c 0005  
                     _mvToG 5094         read_prec_or_width@n 0006                       _fputc 4A4A  
                     _fputs 510E                       _xZero 00A4                       pad@fp 000E  
                     _width 0057                       _putch 52EC                       dtoa@d 0016  
                     dtoa@i 001E                       dtoa@p 001A                       dtoa@s 001D  
                     dtoa@w 001B                       tablat 3FF5                       utoa@d 0016  
                     utoa@i 001B                       utoa@p 0018                       utoa@w 0019  
                     status 3FD8             __end_of_sprintf 521A             __initialization 521A  
              __end_of_main 434E                __end_of_dtoa 46A0                __end_of_utoa 4776  
                    ??_main 0053                      ??_dtoa 0018                      ??_utoa 0018  
             __activetblptr 0003                   ??_IOC_ISR 0001  __end_of_read_prec_or_width 48EC  
                    _ADACQH 3EF4                      _ADACQL 3EF3                      _ADCON0 3EF8  
                    ?_mvToG 0009                      ?_fputc 0001                      ?_fputs 0009  
                    _ADRESH 3EF0                      _ADRESL 3EEF                      _ADPREH 3EF7  
                    _ADPREL 3EF6            ___awdiv@dividend 0001                      ?_putch 0001  
                    _ANSELB 3A50                      _ANSELC 3A60                      _ANSELD 3A70  
                    i2l2310 52CA                      i2l2312 52CE                      i2l2306 52B4  
                    i2l2308 52C4               vfpfcnvrt@done 0023            __end_of_lcdClear 52EC  
              vfprintf@cfmt 002C                      _gToMs2 5010                      ___lmul 4E8C  
                 ??_adcInit 001C                   ??___awdiv 0005                   ??_adcToMv 001C  
                 ??___awmod 0005                   ??___lldiv 0015                      _lcdCmd 526A  
                 ??___lwdiv 0005                   ??___lwmod 0005        read_prec_or_width@ap 0002  
                    clear_0 5220            ___awdiv@quotient 0007             ___awmod@divisor 0003  
                 ??_lcdChar 0001                      isa$std 0001                   ??_lcdInit 0002  
           ___awmod@counter 0005                      pad@buf 000F                   ??_lcdText 0004  
                    main@xG 00A2                      _strcat 4D30                      dtoa@fp 0015  
                 ??_iocInit 0001                      _strcpy 50D4                   ??_readADC 0003  
                    fputc@c 0001                      fputs@c 000B                      fputs@i 000C  
                    fputs@s 0009                __mediumconst 2000                      tblptrh 3FF7  
                    tblptrl 3FF6                      tblptru 3FF8                      putch@c 0001  
          __end_of_vfprintf 5094                      utoa@fp 0015                   ??_sprintf 0033  
                __accesstop 0060     __end_of__initialization 523C               ___rparam_used 0001  
            __pcstackCOMRAM 0001               __end_of_mvToG 50D4               __end_of_fputc 4AF6  
             __end_of_fputs 5148                  gToMs2@gVal 0009               __end_of_putch 52EE  
                adcToMv@adc 001A                     ??_mvToG 000B                     ??_fputc 0004  
                   ??_fputs 000B                     ??_putch 0001                  __pbssBANK0 00A4  
                   IVTBASEH 3FD6                     IVTBASEL 3FD5                     IVTBASEU 3FD7  
                   ?_gToMs2 0009                     ?___lmul 0001                     ?_lcdCmd 0001  
            ___lmul@product 0009                     ?_strcat 0001                     ?_strcpy 0001  
                   _IOC_ISR 52B4                   ?_lcdClear 0001                   _ADREFbits 3EFD  
         __end_of_haltReset 499C                     __Hparam 0000           __end_of_lcdTextAt 51B6  
                   __Lparam 0000                     _adcInit 4CB4                     ___awdiv 4776  
                   _adcToMv 4FC2                     ___awmod 499C                     ___lldiv 4AF6  
                   ___lwdiv 4DA8                     ___lwmod 4F5E                   ?_vfprintf 0029  
              __psmallconst 2000                     __pcinit 521A              main@moveAmount 0094  
                   _lcdChar 5242                     __ramtop 2000               readADC@result 0005  
             ivt0x4008_base 4008                     _lcdInit 4B9A                     __ptext0 40B2  
                   __ptext1 50D4                     __ptext2 4D30                     __ptext3 5094  
                   __ptext4 4B9A                     __ptext5 5292                     __ptext6 48EC  
                   __ptext7 5010                     __ptext8 4EF6                     __ptext9 51EA  
                   _lcdText 4E1A                     _iocInit 5292           __end_of_formatNum 4F5E  
                   _readADC 5148       read_prec_or_width@fmt 0001            ___awmod@dividend 0001  
                 _IOCCFbits 3A67                  ??_lcdClear 0002                   _IOCCNbits 3A66  
                 _IOCCPbits 3A65                     _sprintf 51EA                     main@xMv 008C  
                   main@yMv 008E                     main@zMv 0090        end_of_initialization 523C  
                lcdChar@dat 0001                     mvToG@mv 0009                     fputc@fp 0003  
                   fputs@fp 000A          _read_prec_or_width 4836             ___lldiv@divisor 0011  
           ___lldiv@counter 0019           __end_of_vfpfcnvrt 4544                     postdec2 3FDD  
       ?_read_prec_or_width 0001                     postinc0 3FEE                     postinc1 3FE6  
                   postinc2 3FDE            vfpfcnvrt@convarg 0024              formatNum@value 0040  
            formatNum@whole 0042                  ??_vfprintf 002C                     strcat@i 0004  
                   strcpy@d 0004                  haltReset@i 0051                  lcdText@msg 0002  
                 _TRISAbits 3FC2                   _TRISCbits 3FC4        ??_read_prec_or_width 0003  
                main@number 0071              __end_of_gToMs2 5052              __end_of___lmul 4EF6  
               vfpfcnvrt@ap 0022                 vfpfcnvrt@cp 0028                 vfpfcnvrt@fp 0020  
            __end_of_lcdCmd 5292              __end_of_strcat 4DA8              __end_of_strcpy 510E  
       start_initialization 521A                 __end_of_abs 51EA                 __end_of_pad 4CB4  
               vfprintf@fmt 002A                    ??_gToMs2 000B                    ??___lmul 0009  
                  ??_lcdCmd 0001                    ??_strcat 0004                    ??_strcpy 0003  
                  ?_IOC_ISR 0001                 __pbssCOMRAM 0057               __pcstackBANK0 0060  
               __pivt0x4008 4008            ___lwdiv@dividend 0001                   _dtoa$1328 0018  
                  ?_adcInit 0001                    ?___awdiv 0001                    ?_adcToMv 001A  
                  ?___awmod 0001                   _haltReset 48EC                    ?___lldiv 000D  
                  ?___lwdiv 0001                   _lcdTextAt 5180                    ?___lwmod 0001  
                  ?_lcdChar 0001                    ?_lcdInit 0001                    ?_lcdText 0002  
                  ?_iocInit 0001                    ?_readADC 0001                 __smallconst 2000  
                 _formatNum 4EF6            ___lwdiv@quotient 0005                    ?_sprintf 002D  
         lcdTextAt@location 0008                    _LATCbits 3FBC                    _LATDbits 3FBD  
                 lcdCmd@cmd 0001                    _PIE0bits 3990                    i2u144_40 52C4  
                  i2u144_41 52C0                    _PIR0bits 39A0           ivt0x4008_undefint 40AC  
                ?_haltReset 0001                  ?_lcdTextAt 0004                   _vfpfcnvrt 434E  
                  _WPUCbits 3A61                  ?_formatNum 003F                 _INTCON0bits 3FD2  
         ___lmul@multiplier 0001                    __Hrparam 0000                   mvToG@diff 000D  
                vfprintf@ap 002B                    __Lrparam 0000                  vfprintf@fp 0029  
                ?_vfpfcnvrt 0020              readADC@channel 0007                  _ANSELAbits 3A40  
                _ANSELCbits 3A60                  sprintf@fmt 002E                  strcat@dest 0001  
                  _lcdClear 52D4             ___lwdiv@divisor 0003             ___lwdiv@counter 0007  
                  __ptext10 5052                    __ptext11 434E                    __ptext20 52EC  
                  __ptext12 46A0                    __ptext21 51B6                    __ptext13 4F5E  
                  __ptext30 526A                    __ptext22 499C                    __ptext14 4DA8  
                  __ptext31 4FC2                    __ptext23 4776                    __ptext15 4836  
                  __ptext32 4E8C                    __ptext24 4CB4                    __ptext16 4544  
                  __ptext33 4AF6                    __ptext25 5148                    __ptext17 4C30  
                  __ptext34 52B4                    __ptext26 5180                    __ptext18 510E  
                  __ptext27 4E1A                    __ptext19 4A4A                    __ptext28 5242  
                  __ptext29 52D4                  strcpy@dest 0001                    isa$xinst 0000  
               ??_haltReset 003F                 ??_lcdTextAt 0007                    _vfprintf 5052  
                  _stopFlag 00A6                    main@xAdc 009C                    main@yAdc 009E  
                  main@zAdc 00A0                    main@xMs2 0092                    main@oldX 0096  
                  main@oldY 0098                    main@oldZ 009A            formatNum@decimal 0044  
               ??_formatNum 0042                    intlevel2 0000                   sprintf@ap 0033  
                 strcat@src 0002            ___lwmod@dividend 0001            ___lldiv@dividend 000D  
                 strcpy@src 0002                haltReset@sec 0052                haltReset@msg 0040  
           formatNum@buffer 003F                 ??_vfpfcnvrt 0023                    sprintf@f 0034  
                  sprintf@s 002D                lcdTextAt@msg 0005            ___lldiv@quotient 0015  
              lcdTextAt@pos 0004                lcdTextAt@row 0007             ___lwmod@divisor 0003  
           ___lwmod@counter 0005  
